name,category,latitude,longitude,rating,review_count,district,tags,image_url
Munnar,Hill Station,10.0889,77.0595,4.8,50000,Idukki,"hill station, idukki, kerala",
Kolukkumalai,Adventure,10.0321,77.2152,4.7,1200,Idukki,"adventure, idukki, kerala",
Marari Beach,Beach,9.6015,76.2991,4.5,800,Alappuzha,"beach, alappuzha, kerala",
Athirappilly Falls,Waterfall,10.2851,76.5698,4.7,35000,Thrissur,"waterfall, thrissur, kerala",
Fort Kochi,Heritage,9.9658,76.2421,4.6,28000,Ernakulam,"heritage, ernakulam, kerala",
Varkala Cliff,Beach,8.7399,76.7063,4.7,15500,Thiruvananthapuram,"beach, thiruvananthapuram, kerala",
Thekkady (Periyar),Wildlife,9.6031,77.1615,4.5,22000,Idukki,"wildlife, idukki, kerala",
Bekal Fort,Heritage,12.3908,75.0312,4.5,9200,Kasaragod,"heritage, kasaragod, kerala",
Vagamon Meadows,Hill Station,9.6869,76.9048,4.4,6400,Idukki,"hill station, idukki, kerala",
Kumarakom,Backwaters,9.5916,76.4297,4.6,11000,Kottayam,"backwaters, kottayam, kerala",
Edakkal Caves,Heritage,11.6284,76.2336,4.4,8800,Wayanad,"heritage, wayanad, kerala",
Kovalam Beach,Beach,8.4021,76.9745,4.5,32000,Thiruvananthapuram,"beach, thiruvananthapuram, kerala",
Silent Valley,Nature,11.13,76.429,4.8,1500,Palakkad,"nature, palakkad, kerala",
Poovar Island,Nature,8.3181,77.0628,4.4,7200,Thiruvananthapuram,"nature, thiruvananthapuram, kerala",
Nelliyampathy,Hill Station,10.535,76.6936,4.3,3100,Palakkad,"hill station, palakkad, kerala",
Muzhappilangad,Beach,11.7924,75.4544,4.6,5400,Kannur,"beach, kannur, kerala",
Ponmudi,Hill Station,8.7599,77.1167,4.4,4900,Thiruvananthapuram,"hill station, thiruvananthapuram, kerala",
Thattekkad,Wildlife,10.1332,76.6974,4.5,2300,Ernakulam,"wildlife, ernakulam, kerala",
Guruvayur Temple,Religious,10.5946,76.0381,4.8,45000,Thrissur,"religious, thrissur, kerala",
Jatayu Earth Center,Adventure,8.8653,76.8661,4.6,18000,Kollam,"adventure, kollam, kerala",
Ashtamudi Lake,Backwaters,8.9497,76.6022,4.3,4100,Kollam,"backwaters, kollam, kerala",
Thusharagiri Falls,Adventure,11.4741,76.0505,4.4,2900,Kozhikode,"adventure, kozhikode, kerala",
Cherai Beach,Beach,10.1416,76.1783,4.3,12500,Ernakulam,"beach, ernakulam, kerala",
Kappad Beach,Heritage,11.3831,75.7183,4.2,3800,Kozhikode,"heritage, kozhikode, kerala",
Soochipara Falls,Waterfall,11.5113,76.1207,4.5,7600,Wayanad,"waterfall, wayanad, kerala",
Banasura Sagar,Adventure,11.6667,75.9583,4.5,14200,Wayanad,"adventure, wayanad, kerala",
Pookode Lake,Nature,11.5422,76.0272,4.3,9100,Wayanad,"nature, wayanad, kerala",
Padmanabhaswamy,Religious,8.483,76.9435,4.8,55000,Thiruvananthapuram,"religious, thiruvananthapuram, kerala",
Malampuzha Dam,Garden,10.8305,76.6814,4.1,11400,Palakkad,"garden, palakkad, kerala",
Gavi,Nature,9.4392,77.1664,4.7,2100,Pathanamthitta,"nature, pathanamthitta, kerala",
Eravikulam Park,Wildlife,10.15,77.0833,4.6,18500,Idukki,"wildlife, idukki, kerala",
Mattupetty Dam,Nature,10.1061,77.1245,4.4,12000,Idukki,"nature, idukki, kerala",
Anamudi Peak,Adventure,10.1701,77.06,4.8,3200,Idukki,"adventure, idukki, kerala",
Illikkal Kallu,Adventure,9.7024,76.7865,4.6,8500,Kottayam,"adventure, kottayam, kerala",
Aruvikkuzhi Falls,Waterfall,9.5463,76.6664,4.2,1200,Kottayam,"waterfall, kottayam, kerala",
Vembanad Lake,Backwaters,9.5833,76.4,4.7,15000,Alappuzha,"backwaters, alappuzha, kerala",
Pathiramanal,Nature,9.6167,76.3833,4.2,2100,Alappuzha,"nature, alappuzha, kerala",
Kuttanad,Nature,9.35,76.4,4.6,8900,Alappuzha,"nature, alappuzha, kerala",
Krishnapuram Palace,Heritage,9.1311,76.4914,4.4,3400,Alappuzha,"heritage, alappuzha, kerala",
Alleppey Beach,Beach,9.4912,76.3264,4.3,25000,Alappuzha,"beach, alappuzha, kerala",
Lighthouse Beach,Beach,8.3855,76.979,4.6,12000,Thiruvananthapuram,"beach, thiruvananthapuram, kerala",
Neyyar Dam,Nature,8.5283,77.1472,4.2,5600,Thiruvananthapuram,"nature, thiruvananthapuram, kerala",
Napier Museum,Heritage,8.5086,76.9554,4.5,14000,Thiruvananthapuram,"heritage, thiruvananthapuram, kerala",
Azimala Temple,Religious,8.3582,77.0146,4.8,7200,Thiruvananthapuram,"religious, thiruvananthapuram, kerala",
Palaruvi Falls,Waterfall,8.9814,77.1654,4.4,4100,Kollam,"waterfall, kollam, kerala",
Munroe Island,Backwaters,8.9912,76.6145,4.8,9200,Kollam,"backwaters, kollam, kerala",
Thangassery Light,Heritage,8.88,76.56,4.3,2500,Kollam,"heritage, kollam, kerala",
Kappil Beach,Beach,8.7735,76.6715,4.5,3800,Kollam,"beach, kollam, kerala",
Konni Elephant Ctr,Wildlife,9.2274,76.8481,4.3,4500,Pathanamthitta,"wildlife, pathanamthitta, kerala",
Sabarimala Temple,Religious,9.4404,77.0819,4.9,95000,Pathanamthitta,"religious, pathanamthitta, kerala",
Adavi Eco Tourism,Nature,9.2052,76.8901,4.2,1500,Pathanamthitta,"nature, pathanamthitta, kerala",
Aranmula Palace,Heritage,9.3306,76.6853,4.4,1800,Pathanamthitta,"heritage, pathanamthitta, kerala",
Marine Drive,Nature,9.98,76.27,4.4,35000,Ernakulam,"nature, ernakulam, kerala",
Hill Palace,Heritage,9.9536,76.3533,4.5,1200,Ernakulam,"heritage, ernakulam, kerala",
Bolgatty Palace,Heritage,9.9886,76.2647,4.2,5100,Ernakulam,"heritage, ernakulam, kerala",
Wonderla Kochi,Theme Park,9.9944,76.4022,4.7,55000,Ernakulam,"theme park, ernakulam, kerala",
Vadakkunnathan,Religious,10.5244,76.2139,4.9,32000,Thrissur,"religious, thrissur, kerala",
Peechi Dam,Nature,10.5315,76.3702,4.1,6700,Thrissur,"nature, thrissur, kerala",
Chavakkad Beach,Beach,10.59,76.02,4.0,4500,Thrissur,"beach, thrissur, kerala",
Vazhachal Falls,Waterfall,10.2986,76.5914,4.6,15000,Thrissur,"waterfall, thrissur, kerala",
Shakthan Palace,Heritage,10.5312,76.2168,4.4,3100,Thrissur,"heritage, thrissur, kerala",
Teak Museum,Heritage,11.2981,76.2131,4.5,4200,Malappuram,"heritage, malappuram, kerala",
Kottakkunnu,Nature,11.0744,76.0684,4.3,8900,Malappuram,"nature, malappuram, kerala",
Kadalundi Bird Sanc,Wildlife,11.1278,75.8306,4.2,3100,Malappuram,"wildlife, malappuram, kerala",
Padinharekara Beach,Beach,10.87,75.9,4.1,1500,Malappuram,"beach, malappuram, kerala",
Nedumkayam,Nature,11.31,76.33,4.4,800,Malappuram,"nature, malappuram, kerala",
Payyambalam Beach,Beach,11.8745,75.3526,4.4,6200,Kannur,"beach, kannur, kerala",
St Angelos Fort,Heritage,11.8548,75.3714,4.5,7800,Kannur,"heritage, kannur, kerala",
Arakkal Museum,Heritage,11.8589,75.3804,4.2,2100,Kannur,"heritage, kannur, kerala",
Parassinikkadavu,Religious,11.9839,75.4021,4.7,12000,Kannur,"religious, kannur, kerala",
Ananthapura Lake,Religious,12.5847,74.9856,4.6,4100,Kasaragod,"religious, kasaragod, kerala",
Ranipuram Hills,Hill Station,12.4247,75.3524,4.4,2300,Kasaragod,"hill station, kasaragod, kerala",
Chandragiri Fort,Heritage,12.4827,75.0045,4.1,1200,Kasaragod,"heritage, kasaragod, kerala",
Valiyaparamba,Backwaters,12.1481,75.1432,4.5,900,Kasaragod,"backwaters, kasaragod, kerala",
Kozhikode Beach,Beach,11.2561,75.7702,4.4,22000,Kozhikode,"beach, kozhikode, kerala",
Beypore Port,Heritage,11.1628,75.8114,4.3,6400,Kozhikode,"heritage, kozhikode, kerala",
Sargaalaya Village,Heritage,11.5324,75.6023,4.6,3100,Kozhikode,"heritage, kozhikode, kerala",
Kakkayam Dam,Nature,11.5247,75.9182,4.5,4200,Kozhikode,"nature, kozhikode, kerala",
Silent Valley Park,Wildlife,11.13,76.429,4.8,1200,Palakkad,"wildlife, palakkad, kerala",
Dhoni Waterfalls,Waterfall,10.8354,76.6214,4.2,1800,Palakkad,"waterfall, palakkad, kerala",
Kanjirapuzha Dam,Nature,10.9821,76.5412,4.3,2500,Palakkad,"nature, palakkad, kerala",
Malampuzha Garden,Nature,10.8305,76.6814,4.1,9800,Palakkad,"nature, palakkad, kerala",
Jain Temple,Religious,11.6052,76.2264,4.4,1500,Wayanad,"religious, wayanad, kerala",
Lakkidi View Point,Nature,11.5164,76.0214,4.6,18000,Wayanad,"nature, wayanad, kerala",
Phantom Rock,Nature,11.6124,76.2114,4.2,3200,Wayanad,"nature, wayanad, kerala",
Meenmutty Falls,Waterfall,11.6321,76.2412,4.5,5400,Wayanad,"waterfall, wayanad, kerala",
Kuruva Island,Nature,11.8214,76.0845,4.4,9200,Wayanad,"nature, wayanad, kerala",
Chembra Peak,Adventure,11.5127,76.0864,4.7,6100,Wayanad,"adventure, wayanad, kerala",
Attukad Falls,Waterfall,10.0541,77.0421,4.6,8100,Idukki,"waterfall, idukki, kerala",
Echo Point,Nature,10.1214,77.1524,4.3,15000,Idukki,"nature, idukki, kerala",
Kundala Lake,Nature,10.1654,77.2412,4.4,9400,Idukki,"nature, idukki, kerala",
Tea Museum,Heritage,10.0889,77.0595,4.5,12000,Idukki,"heritage, idukki, kerala",
Eravikulam,Nature,10.15,77.0833,4.6,19000,Idukki,"nature, idukki, kerala",
Vagamon Pine Forest,Nature,9.6845,76.8841,4.5,7200,Idukki,"nature, idukki, kerala",
Idukki Arch Dam,Heritage,9.8451,76.9741,4.6,11000,Idukki,"heritage, idukki, kerala",
Ramakkalmedu,Adventure,9.7998,77.2341,4.5,8400,Idukki,"adventure, idukki, kerala",
Panchalimedu,Heritage,9.5841,77.0142,4.3,3100,Idukki,"heritage, idukki, kerala",
Cheeyappara Falls,Waterfall,10.0341,76.9412,4.4,12000,Idukki,"waterfall, idukki, kerala",
Pambadum Shola,Wildlife,10.1451,77.2541,4.7,1200,Idukki,"wildlife, idukki, kerala",
Vypin Island,Beach,9.9821,76.2165,4.3,8500,Ernakulam,"beach, ernakulam, kerala",
Santa Cruz Basilica,Religious,9.9647,76.2415,4.6,12000,Ernakulam,"religious, ernakulam, kerala",
Jewish Synagogue,Heritage,9.9575,76.2594,4.5,15000,Ernakulam,"heritage, ernakulam, kerala",
Mattancherry Palace,Heritage,9.9581,76.2592,4.4,18000,Ernakulam,"heritage, ernakulam, kerala",
Kodanad Elephant,Wildlife,10.1834,76.5124,4.2,6400,Ernakulam,"wildlife, ernakulam, kerala",
Bhoothathankettu,Nature,10.1384,76.6541,4.3,5200,Ernakulam,"nature, ernakulam, kerala",
Mangalavanam,Wildlife,9.9884,76.2731,4.1,2300,Ernakulam,"wildlife, ernakulam, kerala",
Cherai Sahodaran Park,Nature,10.1416,76.1783,4.0,1500,Ernakulam,"nature, ernakulam, kerala",
Palliport Fort,Heritage,10.1661,76.1724,4.2,800,Ernakulam,"heritage, ernakulam, kerala",
Kuzhupilly Beach,Beach,10.1121,76.1912,4.5,4100,Ernakulam,"beach, ernakulam, kerala",
Maliankara Bridge,Nature,10.1884,76.1845,4.2,300,Ernakulam,"nature, ernakulam, kerala",
Athirappilly Garden,Nature,10.2851,76.5698,4.5,12000,Thrissur,"nature, thrissur, kerala",
Charpa Falls,Waterfall,10.3012,76.5945,4.6,8500,Thrissur,"waterfall, thrissur, kerala",
Snehatheeram Beach,Beach,10.4541,76.0345,4.4,7200,Thrissur,"beach, thrissur, kerala",
Vilangan Hills,Hill Station,10.5512,76.1645,4.3,5100,Thrissur,"hill station, thrissur, kerala",
Zoo and Museum,Heritage,10.5312,76.2214,4.2,9500,Thrissur,"heritage, thrissur, kerala",
Bible Tower,Religious,10.5214,76.2145,4.7,3200,Thrissur,"religious, thrissur, kerala",
Dolours Basilica,Religious,10.5218,76.2139,4.8,11000,Thrissur,"religious, thrissur, kerala",
Kalamandalam,Heritage,10.7412,76.2745,4.7,4200,Thrissur,"heritage, thrissur, kerala",
Chimmony Dam,Wildlife,10.4341,76.4712,4.4,2800,Thrissur,"wildlife, thrissur, kerala",
Arattupuzha Temple,Religious,10.4141,76.2145,4.6,1800,Thrissur,"religious, thrissur, kerala",
Koodalmanikyam,Religious,10.3541,76.2014,4.7,5400,Thrissur,"religious, thrissur, kerala",
Thumboormozhi,Nature,10.2912,76.5412,4.3,6100,Thrissur,"nature, thrissur, kerala",
Malakkappara,Hill Station,10.2641,76.8412,4.8,3200,Thrissur,"hill station, thrissur, kerala",
Punnathur Kotta,Wildlife,10.6012,76.0245,4.6,8900,Thrissur,"wildlife, thrissur, kerala",
Vatanappally Beach,Beach,10.5241,76.0541,4.1,2100,Thrissur,"beach, thrissur, kerala",
Marottichal Falls,Adventure,10.4812,76.3214,4.4,1500,Thrissur,"adventure, thrissur, kerala",
Chimmini Wildlife,Wildlife,10.4521,76.4812,4.5,1200,Thrissur,"wildlife, thrissur, kerala",
Karkadakam Waterfalls,Waterfall,10.5124,76.3451,4.0,400,Thrissur,"waterfall, thrissur, kerala",
Chettuva Backwaters,Backwaters,10.5312,76.0412,4.3,2800,Thrissur,"backwaters, thrissur, kerala",
Sree Padmanabha,Religious,8.483,76.9435,4.9,65000,Thiruvananthapuram,"religious, thiruvananthapuram, kerala",
Kuthiramalika,Heritage,8.4824,76.9441,4.5,8200,Thiruvananthapuram,"heritage, thiruvananthapuram, kerala",
Shangumugham Beach,Beach,8.4791,76.9124,4.3,18000,Thiruvananthapuram,"beach, thiruvananthapuram, kerala",
Veli Tourist Village,Nature,8.5112,76.8814,4.2,14000,Thiruvananthapuram,"nature, thiruvananthapuram, kerala",
Agasthyarkoodam,Adventure,8.6145,77.1412,4.8,1500,Thiruvananthapuram,"adventure, thiruvananthapuram, kerala",
Peppara Wildlife,Wildlife,8.6214,77.1451,4.4,2100,Thiruvananthapuram,"wildlife, thiruvananthapuram, kerala",
Neyyar Safari Park,Wildlife,8.5312,77.1512,4.3,5400,Thiruvananthapuram,"wildlife, thiruvananthapuram, kerala",
Vizhinjam Port,Heritage,8.3841,76.9892,4.2,6100,Thiruvananthapuram,"heritage, thiruvananthapuram, kerala",
Aruvikkara Dam,Nature,8.5614,77.0214,4.1,3800,Thiruvananthapuram,"nature, thiruvananthapuram, kerala",
Karamana River,Nature,8.4814,76.9745,4.0,1200,Thiruvananthapuram,"nature, thiruvananthapuram, kerala",
Beemapally Mosque,Religious,8.4514,76.9312,4.6,7200,Thiruvananthapuram,"religious, thiruvananthapuram, kerala",
Chowara Beach,Beach,8.3541,77.0214,4.4,2500,Thiruvananthapuram,"beach, thiruvananthapuram, kerala",
Madavoorpara,Heritage,8.5812,76.8914,4.3,1800,Thiruvananthapuram,"heritage, thiruvananthapuram, kerala",
Kowdiar Palace,Heritage,8.5241,76.9645,4.4,3200,Thiruvananthapuram,"heritage, thiruvananthapuram, kerala",
Mankayam Falls,Waterfall,8.7412,77.0514,4.2,1100,Thiruvananthapuram,"waterfall, thiruvananthapuram, kerala",
Meenmutty Falls TVM,Waterfall,8.5914,77.1641,4.5,2300,Thiruvananthapuram,"waterfall, thiruvananthapuram, kerala",
Anjengo Fort,Heritage,8.6612,76.7714,4.3,4500,Thiruvananthapuram,"heritage, thiruvananthapuram, kerala",
Kappil Pozhi,Nature,8.7745,76.6712,4.6,3100,Thiruvananthapuram,"nature, thiruvananthapuram, kerala",
Sivananda Ashram,Religious,8.5412,77.1645,4.7,1500,Thiruvananthapuram,"religious, thiruvananthapuram, kerala",
Ponmudi View Point,Nature,8.7599,77.1167,4.7,9200,Thiruvananthapuram,"nature, thiruvananthapuram, kerala",
Vagamon Falls,Waterfall,9.6841,76.8912,4.3,4200,Idukki,"waterfall, idukki, kerala",
Karikadans Park,Adventure,10.0812,76.9814,4.2,1800,Idukki,"adventure, idukki, kerala",
Thommankuthu,Waterfall,9.9214,76.8141,4.5,5600,Idukki,"waterfall, idukki, kerala",
Kulamavu Dam,Nature,9.8145,76.8814,4.4,3200,Idukki,"nature, idukki, kerala",
Nadukani Viewpoint,Nature,9.8541,76.9124,4.6,2100,Idukki,"nature, idukki, kerala",
Kalvari Mount,Nature,9.8412,77.0145,4.7,6400,Idukki,"nature, idukki, kerala",
Chinnar Sanctuary,Wildlife,10.3541,77.2141,4.5,4100,Idukki,"wildlife, idukki, kerala",
Marayoor Sandalwood,Nature,10.2814,77.1641,4.4,8500,Idukki,"nature, idukki, kerala",
Lakkam Waterfalls,Waterfall,10.1812,77.1141,4.5,7200,Idukki,"waterfall, idukki, kerala",
Anayirangal Dam,Nature,10.0214,77.1912,4.3,3800,Idukki,"nature, idukki, kerala",
Lockhart Gap,Nature,10.0412,77.1145,4.6,5100,Idukki,"nature, idukki, kerala",
Valara Falls,Waterfall,10.0241,76.9145,4.2,9200,Idukki,"waterfall, idukki, kerala",
Eravikulam Rajamala,Wildlife,10.1512,77.0814,4.8,12000,Idukki,"wildlife, idukki, kerala",
Meesapulimala,Adventure,10.1141,77.1841,4.9,2300,Idukki,"adventure, idukki, kerala",
Palkulamedu,Hill Station,9.9141,76.9541,4.4,1200,Idukki,"hill station, idukki, kerala",
Pothambedu View,Nature,10.0641,77.0412,4.5,6100,Idukki,"nature, idukki, kerala",
Sita Devi Lake,Nature,10.0241,77.1641,4.4,1500,Idukki,"nature, idukki, kerala",
Carmelagiri Park,Adventure,10.1041,77.0914,4.1,4500,Idukki,"adventure, idukki, kerala",
Devikulam Hills,Hill Station,10.0541,77.1141,4.5,3200,Idukki,"hill station, idukki, kerala",
Chellarkovil,Nature,9.6541,77.2141,4.3,1800,Idukki,"nature, idukki, kerala",
Aruvikuzhi Falls IDK,Waterfall,9.7141,77.1512,4.2,900,Idukki,"waterfall, idukki, kerala",
Ottakathalamedu,Nature,9.6141,77.1812,4.4,1200,Idukki,"nature, idukki, kerala",
Pandikuzhi,Nature,9.6312,77.1941,4.2,1100,Idukki,"nature, idukki, kerala",
Kurisumala Vagamon,Religious,9.6545,76.9012,4.7,3100,Idukki,"religious, idukki, kerala",
Pine Valley,Nature,9.6812,76.8941,4.6,8500,Idukki,"nature, idukki, kerala",
Murikkady,Nature,9.6214,77.1451,4.3,2100,Idukki,"nature, idukki, kerala",
Pothamedu Plantation,Heritage,10.0712,77.0514,4.4,4200,Idukki,"heritage, idukki, kerala",
Thangal Para,Religious,9.6714,76.8912,4.5,2300,Idukki,"religious, idukki, kerala",
Aymanem Village,Heritage,9.6141,76.5124,4.6,1800,Kottayam,"heritage, kottayam, kerala",
Marmala Falls,Waterfall,9.6514,76.8512,4.4,3200,Kottayam,"waterfall, kottayam, kerala",
Vaikom Temple,Religious,9.7541,76.3941,4.8,12000,Kottayam,"religious, kottayam, kerala",
Ettumanoor Temple,Religious,9.6641,76.5614,4.7,14000,Kottayam,"religious, kottayam, kerala",
St Marys Church,Religious,9.5841,76.5124,4.5,8200,Kottayam,"religious, kottayam, kerala",
Kottaiyath Temple,Religious,9.5912,76.5214,4.4,2100,Kottayam,"religious, kottayam, kerala",
Thazhathangady,Heritage,9.5812,76.5014,4.3,3100,Kottayam,"heritage, kottayam, kerala",
Monroe Island Park,Nature,9.0141,76.6012,4.7,1200,Kollam,"nature, kollam, kerala",
Neendakara Port,Heritage,8.9412,76.5412,4.2,5400,Kollam,"heritage, kollam, kerala",
Kollam Beach,Beach,8.8814,76.5812,4.3,15000,Kollam,"beach, kollam, kerala",
Adventure Park,Adventure,8.8912,76.5714,4.1,4200,Kollam,"adventure, kollam, kerala",
Thirumullavaram,Beach,8.9141,76.5612,4.2,6100,Kollam,"beach, kollam, kerala",
Mahatma Gandhi Park,Nature,8.8714,76.5912,4.0,3200,Kollam,"nature, kollam, kerala",
Shendurney Sanctuary,Wildlife,8.9145,77.1214,4.5,1500,Kollam,"wildlife, kollam, kerala",
Thenmala Dam,Nature,9.0812,77.0614,4.4,9200,Kollam,"nature, kollam, kerala",
Rosemala,Nature,9.0541,77.1412,4.6,1800,Kollam,"nature, kollam, kerala",
Ambanad Hills,Hill Station,9.0412,77.1641,4.4,2100,Kollam,"hill station, kollam, kerala",
Kottarakkara Temple,Religious,8.9914,76.7712,4.7,11000,Kollam,"religious, kollam, kerala",
Oachira Temple,Religious,9.1241,76.5114,4.6,8500,Kollam,"religious, kollam, kerala",
Alumkadavu,Backwaters,9.0541,76.5212,4.3,1200,Kollam,"backwaters, kollam, kerala",
Chavara Bhavan,Heritage,9.3541,76.4112,4.5,2100,Alappuzha,"heritage, alappuzha, kerala",
Pathiramanal Island,Wildlife,9.6114,76.3841,4.6,4500,Alappuzha,"wildlife, alappuzha, kerala",
Ambalapuzha Temple,Religious,9.3841,76.3512,4.8,18000,Alappuzha,"religious, alappuzha, kerala",
Arthunkal Church,Religious,9.6612,76.2914,4.7,12000,Alappuzha,"religious, alappuzha, kerala",
Mannarshala Temple,Religious,9.2614,76.5112,4.8,15000,Alappuzha,"religious, alappuzha, kerala",
Karumadikuttan,Heritage,9.3412,76.4214,4.2,1800,Alappuzha,"heritage, alappuzha, kerala",
Kuttanad Backwaters,Backwaters,9.3512,76.4014,4.7,25000,Alappuzha,"backwaters, alappuzha, kerala",
Thumpoly Beach,Beach,9.5241,76.3112,4.1,2300,Alappuzha,"beach, alappuzha, kerala",
Andhakaranazhi,Beach,9.7412,76.2814,4.3,3100,Alappuzha,"beach, alappuzha, kerala",
Ravi Karunakaran,Heritage,9.4841,76.3312,4.4,2100,Alappuzha,"heritage, alappuzha, kerala",
Revi Museum,Heritage,9.4912,76.3341,4.5,1500,Alappuzha,"heritage, alappuzha, kerala",
Punnamada Lake,Backwaters,9.5114,76.3541,4.6,12000,Alappuzha,"backwaters, alappuzha, kerala",
Edappally Church,Religious,10.0241,76.3114,4.8,25000,Ernakulam,"religious, ernakulam, kerala",
Lulu Mall,Heritage,10.0274,76.3114,4.7,350000,Ernakulam,"heritage, ernakulam, kerala",
Chottanikkara,Religious,9.9314,76.3912,4.8,45000,Ernakulam,"religious, ernakulam, kerala",
Poornathrayeesa,Religious,9.9512,76.3514,4.7,12000,Ernakulam,"religious, ernakulam, kerala",
Aluva Manappuram,Religious,10.1114,76.3541,4.6,22000,Ernakulam,"religious, ernakulam, kerala",
Malayattoor Church,Religious,10.1912,76.5141,4.5,18000,Ernakulam,"religious, ernakulam, kerala",
Ayyampuzha,Nature,10.2541,76.5612,4.3,1200,Ernakulam,"nature, ernakulam, kerala",
Ezhattumugham,Nature,10.2312,76.4514,4.4,5600,Ernakulam,"nature, ernakulam, kerala",
Paniyeli Poru,Nature,10.1812,76.6114,4.2,4200,Ernakulam,"nature, ernakulam, kerala",
Kallil Temple,Heritage,10.0912,76.5814,4.5,2100,Ernakulam,"heritage, ernakulam, kerala",
Iringole Kavu,Nature,10.0814,76.4912,4.4,3200,Ernakulam,"nature, ernakulam, kerala",
Hill Palace Museum,Heritage,9.9536,76.3533,4.5,15000,Ernakulam,"heritage, ernakulam, kerala",
Kadamakkudy,Backwaters,10.0412,76.2514,4.6,6100,Ernakulam,"backwaters, ernakulam, kerala",
Kumbalangi,Nature,9.8814,76.2841,4.4,5400,Ernakulam,"nature, ernakulam, kerala",
Chendamangalam,Heritage,10.1712,76.2114,4.3,1500,Ernakulam,"heritage, ernakulam, kerala",
Kottakkal Arya,Heritage,11.0012,75.9914,4.7,12000,Malappuram,"heritage, malappuram, kerala",
Kottakkunnu Park,Nature,11.0745,76.0612,4.2,18000,Malappuram,"nature, malappuram, kerala",
Biyyam Kayal,Backwaters,10.7412,75.9514,4.1,3200,Malappuram,"backwaters, malappuram, kerala",
Thirunavaya Temple,Religious,10.8512,75.9814,4.6,9200,Malappuram,"religious, malappuram, kerala",
Nilambur Teak,Heritage,11.2714,76.2212,4.5,8500,Malappuram,"heritage, malappuram, kerala",
Conolly Plot,Nature,11.2841,76.2114,4.4,3100,Malappuram,"nature, malappuram, kerala",
Adyanpara Falls,Waterfall,11.3541,76.2514,4.3,2300,Malappuram,"waterfall, malappuram, kerala",
Kodikuthimala,Hill Station,11.0212,76.3214,4.5,4100,Malappuram,"hill station, malappuram, kerala",
Angadippuram,Religious,10.9714,76.2141,4.6,6100,Malappuram,"religious, malappuram, kerala",
Thali Temple,Religious,11.2514,75.7812,4.7,7200,Kozhikode,"religious, kozhikode, kerala",
Mananchira Square,Nature,11.2541,75.7841,4.4,18000,Kozhikode,"nature, kozhikode, kerala",
SM Street,Heritage,11.2512,75.7714,4.3,25000,Kozhikode,"heritage, kozhikode, kerala",
Sarovaram Park,Nature,11.2741,75.7912,4.2,9500,Kozhikode,"nature, kozhikode, kerala",
Kadalundi,Nature,11.1314,75.8214,4.5,4500,Kozhikode,"nature, kozhikode, kerala",
Beypore Beach,Beach,11.1612,75.8014,4.3,12000,Kozhikode,"beach, kozhikode, kerala",
Iringal Crafts,Heritage,11.5341,75.6112,4.6,5100,Kozhikode,"heritage, kozhikode, kerala",
Lokanarkavu Temple,Religious,11.6012,75.5914,4.5,3200,Kozhikode,"religious, kozhikode, kerala",
Sand Banks Beach,Beach,11.5912,75.5714,4.4,2100,Kozhikode,"beach, kozhikode, kerala",
Peruvannamuzhi,Nature,11.5812,75.8141,4.2,3800,Kozhikode,"nature, kozhikode, kerala",
Janaki Forest,Nature,11.6214,75.8512,4.3,1200,Kozhikode,"nature, kozhikode, kerala",
Tali Temple,Religious,11.2512,75.7845,4.7,5400,Kozhikode,"religious, kozhikode, kerala",
Canoli Canal,Backwaters,11.2412,75.7914,3.9,1500,Kozhikode,"backwaters, kozhikode, kerala",
Planetarium,Heritage,11.2612,75.7814,4.2,6100,Kozhikode,"heritage, kozhikode, kerala",
Thikkoti Light,Heritage,11.4812,75.6112,4.3,2500,Kozhikode,"heritage, kozhikode, kerala",
Velliyamkallu,Nature,11.5141,75.5812,4.6,1800,Kozhikode,"nature, kozhikode, kerala",
Pazhassi Raja,Heritage,11.2841,75.7612,4.4,4200,Kozhikode,"heritage, kozhikode, kerala",
Aralam Sanctuary,Wildlife,11.9541,75.8512,4.5,3200,Kannur,"wildlife, kannur, kerala",
St Angelos,Heritage,11.8541,75.3712,4.6,9200,Kannur,"heritage, kannur, kerala",
Payyambalam,Beach,11.8714,75.3512,4.4,18000,Kannur,"beach, kannur, kerala",
Baby Beach,Beach,11.8641,75.3612,4.0,4100,Kannur,"beach, kannur, kerala",
Meenkunnu Beach,Beach,11.9141,75.3212,4.3,2500,Kannur,"beach, kannur, kerala",
Kizhunna Beach,Beach,11.8214,75.4312,4.5,3100,Kannur,"beach, kannur, kerala",
Dharmadam Island,Nature,11.7741,75.4612,4.6,5400,Kannur,"nature, kannur, kerala",
Thalassery Fort,Heritage,11.7412,75.4814,4.5,8500,Kannur,"heritage, kannur, kerala",
Overburys Folly,Nature,11.7512,75.4814,4.2,3200,Kannur,"nature, kannur, kerala",
Muzhappilangad Drive,Adventure,11.7912,75.4514,4.7,15000,Kannur,"adventure, kannur, kerala",
Parassinikkadavu Snake,Wildlife,11.9814,75.4012,4.4,12000,Kannur,"wildlife, kannur, kerala",
Muthappan Temple,Religious,11.9841,75.4014,4.9,25000,Kannur,"religious, kannur, kerala",
Paithalmala,Hill Station,12.1612,75.5514,4.6,6100,Kannur,"hill station, kannur, kerala",
Palakkayam Thattu,Nature,12.1141,75.5214,4.7,9200,Kannur,"nature, kannur, kerala",
V-Pra Kaayal,Backwaters,12.0112,75.2514,4.1,2300,Kannur,"backwaters, kannur, kerala",
Kavvayi Island,Backwaters,12.0812,75.1814,4.5,1500,Kannur,"backwaters, kannur, kerala",
Chootad Beach,Beach,12.0514,75.1912,4.3,2100,Kannur,"beach, kannur, kerala",
Madayipara,Nature,12.0314,75.2612,4.7,4500,Kannur,"nature, kannur, kerala",
Ezhimala Hills,Nature,12.0141,75.2114,4.2,3200,Kannur,"nature, kannur, kerala",
Arakkal Palace,Heritage,11.8589,75.3804,4.3,5100,Kannur,"heritage, kannur, kerala",
Valapattanam,Heritage,11.9141,75.3512,4.1,2100,Kannur,"heritage, kannur, kerala",
Kottiyoor Temple,Religious,11.8741,75.8614,4.8,11000,Kannur,"religious, kannur, kerala",
Aralam Farm,Nature,11.9312,75.8414,4.4,1800,Kannur,"nature, kannur, kerala",
Bekal Beach,Beach,12.3814,75.0312,4.5,12000,Kasaragod,"beach, kasaragod, kerala",
Chandragiri Fort,Heritage,12.4827,75.0045,4.1,3100,Kasaragod,"heritage, kasaragod, kerala",
Kappil Beach KSD,Beach,12.4112,75.0114,4.4,2300,Kasaragod,"beach, kasaragod, kerala",
Pallikere Beach,Beach,12.3941,75.0212,4.2,1800,Kasaragod,"beach, kasaragod, kerala",
Hosdurg Fort,Heritage,12.3114,75.1112,4.0,1500,Kasaragod,"heritage, kasaragod, kerala",
Nileshwaram,Heritage,12.2514,75.1214,4.3,3200,Kasaragod,"heritage, kasaragod, kerala",
Valiyaparamba Island,Backwaters,12.1512,75.1514,4.6,2100,Kasaragod,"backwaters, kasaragod, kerala",
Ranipuram Park,Nature,12.4214,75.3512,4.5,5400,Kasaragod,"nature, kasaragod, kerala",
Ananthapura Lake Temple,Religious,12.5812,74.9814,4.7,7200,Kasaragod,"religious, kasaragod, kerala",
Madhur Temple,Religious,12.5214,74.9912,4.8,9500,Kasaragod,"religious, kasaragod, kerala",
Maipady Palace,Heritage,12.5514,75.0212,4.1,800,Kasaragod,"heritage, kasaragod, kerala",
Bela Church,Religious,12.5812,75.0514,4.4,1200,Kasaragod,"religious, kasaragod, kerala",
Possadigumpe,Hill Station,12.6514,75.0112,4.2,500,Kasaragod,"hill station, kasaragod, kerala",
Malom Village,Nature,12.3514,75.3214,4.4,1100,Kasaragod,"nature, kasaragod, kerala",
Kottanchery Hills,Hill Station,12.3214,75.3812,4.3,900,Kasaragod,"hill station, kasaragod, kerala",
Cheruvathur,Heritage,12.2114,75.1512,4.0,1200,Kasaragod,"heritage, kasaragod, kerala",
Kanhangad,Heritage,12.3112,75.1014,4.1,8500,Kasaragod,"heritage, kasaragod, kerala",
Manjeshwar,Heritage,12.7112,74.8814,4.2,3100,Kasaragod,"heritage, kasaragod, kerala",
Tulur Vanam,Nature,12.4514,75.1812,4.4,600,Kasaragod,"nature, kasaragod, kerala",
Adoor Temple KSD,Religious,12.5112,75.2514,4.5,1500,Kasaragod,"religious, kasaragod, kerala",
Parambikulam Tiger Reserve,Wildlife,10.3912,76.7714,4.7,8500,Palakkad,"wildlife, palakkad, kerala",
Pothundi Dam,Nature,10.5141,76.6512,4.3,3200,Palakkad,"nature, palakkad, kerala",
Seetharkundu Viewpoint,Nature,10.5112,76.6941,4.6,2100,Palakkad,"nature, palakkad, kerala",
Meenvallam Falls,Waterfall,10.8812,76.6114,4.2,1500,Palakkad,"waterfall, palakkad, kerala",
Attappady Hills,Hill Station,11.0541,76.6512,4.4,2300,Palakkad,"hill station, palakkad, kerala",
Siruvani Reservoir,Nature,10.9714,76.6412,4.5,1200,Palakkad,"nature, palakkad, kerala",
Fantasy Park,Theme Park,10.8241,76.6714,4.1,9500,Palakkad,"theme park, palakkad, kerala",
Jain Temple Palakkad,Religious,10.7741,76.6412,4.4,1100,Palakkad,"religious, palakkad, kerala",
Kalpathy Heritage Village,Heritage,10.7814,76.6512,4.6,3200,Palakkad,"heritage, palakkad, kerala",
Tipu Sultan Fort,Heritage,10.7714,76.6541,4.5,15000,Palakkad,"heritage, palakkad, kerala",
Meenkulathi Temple,Religious,10.6512,76.6641,4.7,8200,Palakkad,"religious, palakkad, kerala",
Chulliyar Dam,Nature,10.5912,76.8114,4.0,900,Palakkad,"nature, palakkad, kerala",
Meenkara Dam,Nature,10.6114,76.8012,4.1,1200,Palakkad,"nature, palakkad, kerala",
Mangalam Dam,Nature,10.5141,76.5412,4.2,2500,Palakkad,"nature, palakkad, kerala",
Varakkal Devi Temple,Religious,11.2814,75.7612,4.6,3100,Kozhikode,"religious, kozhikode, kerala",
Mishkal Mosque,Religious,11.2541,75.7714,4.7,4200,Kozhikode,"religious, kozhikode, kerala",
Kuttichira Heritage,Heritage,11.2412,75.7714,4.5,1800,Kozhikode,"heritage, kozhikode, kerala",
Lumbini Park,Nature,11.2541,75.7912,3.9,2100,Kozhikode,"nature, kozhikode, kerala",
Art Gallery and Museum,Heritage,11.2614,75.7714,4.3,3200,Kozhikode,"heritage, kozhikode, kerala",
Kallayi River View,Nature,11.2312,75.7914,4.1,5400,Kozhikode,"nature, kozhikode, kerala",
Sree Valayanad Temple,Religious,11.2414,75.8012,4.6,6100,Kozhikode,"religious, kozhikode, kerala",
Lion's Park,Nature,11.2512,75.7714,3.8,4200,Kozhikode,"nature, kozhikode, kerala",
Canoli Canal Walk,Nature,11.2612,75.7914,3.7,1500,Kozhikode,"nature, kozhikode, kerala",
Thusharagiri Eco-Point,Adventure,11.4741,76.0505,4.6,3100,Kozhikode,"adventure, kozhikode, kerala",
Malabar Wildlife,Wildlife,11.5541,75.9012,4.5,1200,Kozhikode,"wildlife, kozhikode, kerala",
Vellarimala,Adventure,11.4514,76.1012,4.8,900,Kozhikode,"adventure, kozhikode, kerala",
Aripara Falls,Waterfall,11.4214,76.0112,4.2,1800,Kozhikode,"waterfall, kozhikode, kerala",
Kakkadampoyil,Hill Station,11.3312,76.1014,4.5,5400,Kozhikode,"hill station, kozhikode, kerala",
Tusharagiri Trek,Adventure,11.4812,76.0612,4.7,1100,Kozhikode,"adventure, kozhikode, kerala",
Mananchira Square Park,Nature,11.2514,75.7812,4.4,22000,Kozhikode,"nature, kozhikode, kerala",
Wayand Heritage Museum,Heritage,11.6214,76.2212,4.4,4500,Wayanad,"heritage, wayanad, kerala",
Karapuzha Dam,Nature,11.6114,76.1712,4.3,8200,Wayanad,"nature, wayanad, kerala",
Chethalayam Falls,Waterfall,11.7214,76.2512,4.0,1200,Wayanad,"waterfall, wayanad, kerala",
Meenmutty Viewpoint,Nature,11.6412,76.2514,4.5,2100,Wayanad,"nature, wayanad, kerala",
Pakshipathalam,Adventure,11.9141,75.9812,4.7,900,Wayanad,"adventure, wayanad, kerala",
Thirunelli Temple,Religious,11.9141,76.0014,4.8,12000,Wayanad,"religious, wayanad, kerala",
Muthanga Wildlife,Wildlife,11.6514,76.3512,4.4,9500,Wayanad,"wildlife, wayanad, kerala",
Sulthan Bathery Jain,Heritage,11.6612,76.2612,4.3,3100,Wayanad,"heritage, wayanad, kerala",
Wayand Adventure Camp,Adventure,11.6812,75.9614,4.5,4200,Wayanad,"adventure, wayanad, kerala",
Bamboo Factory,Heritage,11.6112,76.1514,4.2,1500,Wayanad,"heritage, wayanad, kerala",
Chain Tree,Heritage,11.5141,76.0212,4.1,18000,Wayanad,"heritage, wayanad, kerala",
Neelimala Viewpoint,Nature,11.5812,76.2214,4.6,3200,Wayanad,"nature, wayanad, kerala",
Sunrise Valley,Nature,11.5614,76.2012,4.5,2100,Wayanad,"nature, wayanad, kerala",
Sentinel Rock Falls,Waterfall,11.5312,76.1412,4.4,6400,Wayanad,"waterfall, wayanad, kerala",
Kanthanpara Falls,Waterfall,11.5512,76.1712,4.3,4500,Wayanad,"waterfall, wayanad, kerala",
Seetha Devi Temple,Religious,11.6412,76.1214,4.5,1200,Wayanad,"religious, wayanad, kerala",
Valanchery,Nature,10.9214,76.0512,4.0,2100,Malappuram,"nature, malappuram, kerala",
Kottakkal Venkatachal,Religious,11.0012,76.0014,4.6,5400,Malappuram,"religious, malappuram, kerala",
Mumburam Thangal,Religious,11.0512,75.9214,4.7,8500,Malappuram,"religious, malappuram, kerala",
Pazhayangadi Mosque,Religious,11.0712,76.0614,4.5,3100,Malappuram,"religious, malappuram, kerala",
Kadampuzha Temple,Religious,10.9814,76.0212,4.8,15000,Malappuram,"religious, malappuram, kerala",
Tanur Beach,Beach,10.9712,75.8714,4.1,2300,Malappuram,"beach, malappuram, kerala",
Parappanangadi Beach,Beach,11.0412,75.8514,4.0,1800,Malappuram,"beach, malappuram, kerala",
Vakkeer Beach,Beach,10.8512,75.9114,3.9,1100,Malappuram,"beach, malappuram, kerala",
Cheruppadimala,Nature,11.1214,75.9812,4.3,900,Malappuram,"nature, malappuram, kerala",
Kozhippara Falls,Waterfall,11.3312,76.1412,4.4,2500,Malappuram,"waterfall, malappuram, kerala",
Nedumkayam Rain Forest,Nature,11.3114,76.3214,4.6,1800,Malappuram,"nature, malappuram, kerala",
Trikandiyur Temple,Religious,10.8914,75.9312,4.5,3200,Malappuram,"religious, malappuram, kerala",
Angadippuram Temple,Religious,10.9712,76.2114,4.7,11000,Malappuram,"religious, malappuram, kerala",
Olavattur,Nature,11.1614,75.9612,4.2,600,Malappuram,"nature, malappuram, kerala",
Kadalundi Vallikkunnu,Wildlife,11.1314,75.8214,4.5,4100,Malappuram,"wildlife, malappuram, kerala",
Aruvikkuzhi Falls KTM,Waterfall,9.5412,76.6514,4.2,2500,Kottayam,"waterfall, kottayam, kerala",
Elaveezhapoonchira,Hill Station,9.7214,76.7612,4.6,3100,Kottayam,"hill station, kottayam, kerala",
Nadukani View,Nature,9.7112,76.8114,4.5,1800,Kottayam,"nature, kottayam, kerala",
Vaikom Backwaters,Backwaters,9.7541,76.3912,4.4,5400,Kottayam,"backwaters, kottayam, kerala",
Malliyoor Temple,Religious,9.7012,76.5412,4.7,8200,Kottayam,"religious, kottayam, kerala",
Poonjar Palace,Heritage,9.6814,76.8114,4.3,1500,Kottayam,"heritage, kottayam, kerala",
St George Church,Religious,9.5512,76.6214,4.6,9200,Kottayam,"religious, kottayam, kerala",
Good Shepherd Church,Religious,9.5812,76.5114,4.5,3100,Kottayam,"religious, kottayam, kerala",
Mozart Art Gallery,Heritage,9.5912,76.5312,4.2,800,Kottayam,"heritage, kottayam, kerala",
Maniyambalam,Religious,9.6012,76.5514,4.3,1200,Kottayam,"religious, kottayam, kerala",
Kumarakom Village,Heritage,9.6114,76.4312,4.6,15000,Kottayam,"heritage, kottayam, kerala",
Bay Island Museum,Heritage,9.6214,76.4412,4.4,2100,Kottayam,"heritage, kottayam, kerala",
Thanneermukkom Bund,Nature,9.6812,76.3914,4.2,6400,Kottayam,"nature, kottayam, kerala",
Vaikom Beach,Nature,9.7612,76.3814,4.1,2300,Kottayam,"nature, kottayam, kerala",
Neendoor Park,Nature,9.6714,76.5212,4.0,900,Kottayam,"nature, kottayam, kerala",
St Mary's Cheriapally,Religious,9.5914,76.5112,4.7,4500,Kottayam,"religious, kottayam, kerala",
Thazhathangady Mosque,Religious,9.5812,76.5014,4.8,3100,Kottayam,"religious, kottayam, kerala",
Adavi Coracle Riding,Adventure,9.2012,76.8914,4.5,6100,Pathanamthitta,"adventure, pathanamthitta, kerala",
Perunthenaruvi,Waterfall,9.4112,76.8614,4.4,5400,Pathanamthitta,"waterfall, pathanamthitta, kerala",
Konni Eco Tourism,Nature,9.2214,76.8412,4.3,4200,Pathanamthitta,"nature, pathanamthitta, kerala",
Kaviyoor Rock Temple,Heritage,9.3814,76.6112,4.6,1800,Pathanamthitta,"heritage, pathanamthitta, kerala",
Pandalam Palace,Heritage,9.2212,76.6714,4.5,8200,Pathanamthitta,"heritage, pathanamthitta, kerala",
Malayalappuzha Temple,Religious,9.2814,76.8212,4.7,6100,Pathanamthitta,"religious, pathanamthitta, kerala",
Thiruvalla Temple,Religious,9.3814,76.5714,4.6,5400,Pathanamthitta,"religious, pathanamthitta, kerala",
Manimala River Bank,Nature,9.4112,76.6612,4.1,1200,Pathanamthitta,"nature, pathanamthitta, kerala",
Kakki Reservoir,Nature,9.3214,77.1512,4.4,900,Pathanamthitta,"nature, pathanamthitta, kerala",
Moozhiyar Dam,Nature,9.3114,77.0612,4.3,800,Pathanamthitta,"nature, pathanamthitta, kerala",
Gavi Wildlife,Wildlife,9.4312,77.1614,4.8,2500,Pathanamthitta,"wildlife, pathanamthitta, kerala",
Parthasarathy Temple,Religious,9.3312,76.6814,4.7,11000,Pathanamthitta,"religious, pathanamthitta, kerala",
Maramon Convention,Religious,9.3414,76.6712,4.6,15000,Pathanamthitta,"religious, pathanamthitta, kerala",
Kozhencherry,Heritage,9.3412,76.7114,4.2,3100,Pathanamthitta,"heritage, pathanamthitta, kerala",
Kodumon Chilanthiyambalam,Religious,9.1812,76.7814,4.5,1200,Pathanamthitta,"religious, pathanamthitta, kerala",
Niranam Church,Religious,9.3614,76.5112,4.8,4200,Pathanamthitta,"religious, pathanamthitta, kerala",
Kadamanitta Devi,Religious,9.2914,76.8112,4.6,1500,Pathanamthitta,"religious, pathanamthitta, kerala",
Chenganur Temple,Religious,9.3214,76.6112,4.7,14000,Pathanamthitta,"religious, pathanamthitta, kerala",
Punalur Suspension Bridge,Heritage,9.0112,76.9214,4.5,6100,Kollam,"heritage, kollam, kerala",
Palaruvi Falls Kollam,Waterfall,8.9814,77.1612,4.6,9200,Kollam,"waterfall, kollam, kerala",
Shendurney Forest,Nature,8.9114,77.1212,4.4,1800,Kollam,"nature, kollam, kerala",
Ambanad Hills View,Nature,9.0412,77.1614,4.5,2100,Kollam,"nature, kollam, kerala",
Kumbhavurutty Falls,Waterfall,9.1012,77.1814,4.3,3100,Kollam,"waterfall, kollam, kerala",
Manalar Falls,Waterfall,9.1114,77.1912,4.2,1200,Kollam,"waterfall, kollam, kerala",
Kulathupuzha Temple,Religious,8.9014,77.0512,4.6,5400,Kollam,"religious, kollam, kerala",
Aryankavu Temple,Religious,8.9712,77.1414,4.7,4200,Kollam,"religious, kollam, kerala",
Achankovil Temple,Religious,9.0814,77.1212,4.5,3100,Kollam,"religious, kollam, kerala",
Sasthamkotta Lake,Nature,9.0412,76.6314,4.3,8500,Kollam,"nature, kollam, kerala",
Munroe Island View,Backwaters,8.9912,76.6114,4.8,12000,Kollam,"backwaters, kollam, kerala",
Thevally Palace,Heritage,8.9012,76.5914,4.2,2500,Kollam,"heritage, kollam, kerala",
Port Kollam,Heritage,8.8814,76.5712,4.1,4100,Kollam,"heritage, kollam, kerala",
Kollam Beach Park,Nature,8.8712,76.5814,4.0,5200,Kollam,"nature, kollam, kerala",
Tangassery Light House,Heritage,8.8812,76.5614,4.4,6100,Kollam,"heritage, kollam, kerala",
Mahatma Gandhi Beach,Beach,8.8714,76.5912,4.1,3200,Kollam,"beach, kollam, kerala",
Ashtamudi Lake Cruise,Backwaters,8.9512,76.6114,4.5,9200,Kollam,"backwaters, kollam, kerala",
Neendakara Harbour,Heritage,8.9414,76.5412,4.2,5400,Kollam,"heritage, kollam, kerala",
Paravur Lake,Backwaters,8.8112,76.6614,4.4,3100,Kollam,"backwaters, kollam, kerala",
Kappil Beach Kollam,Beach,8.7712,76.6714,4.5,4100,Kollam,"beach, kollam, kerala",
Polachira,Nature,8.8214,76.6912,4.2,1200,Kollam,"nature, kollam, kerala",
Pichu Iyer Junction,Heritage,8.8912,76.5814,3.8,1500,Kollam,"heritage, kollam, kerala",
Oachira Temple Ground,Religious,9.1214,76.5112,4.6,8500,Kollam,"religious, kollam, kerala",
Alumkadavu Houseboat,Heritage,9.0512,76.5214,4.4,2100,Kollam,"heritage, kollam, kerala",
Pathiramanal Birds,Wildlife,9.6114,76.3812,4.6,5100,Alappuzha,"wildlife, alappuzha, kerala",
Alleppey Houseboat,Backwaters,9.4912,76.3314,4.8,55000,Alappuzha,"backwaters, alappuzha, kerala",
Vembanad Lake View,Nature,9.5812,76.4014,4.7,25000,Alappuzha,"nature, alappuzha, kerala",
Kuttanad Fields,Nature,9.3512,76.4012,4.6,12000,Alappuzha,"nature, alappuzha, kerala",
Alleppey Beach Park,Nature,9.4914,76.3212,4.2,18000,Alappuzha,"nature, alappuzha, kerala",
Alleppey Lighthouse,Heritage,9.4912,76.3214,4.3,8200,Alappuzha,"heritage, alappuzha, kerala",
Marari Beach Village,Nature,9.6012,76.2914,4.5,6100,Alappuzha,"nature, alappuzha, kerala",
Krishnapuram Palace Art,Heritage,9.1312,76.4914,4.4,4500,Alappuzha,"heritage, alappuzha, kerala",
Ambalapuzha Krishna,Religious,9.3812,76.3514,4.8,15000,Alappuzha,"religious, alappuzha, kerala",
Mannarshala Naga,Religious,9.2612,76.5114,4.8,12000,Alappuzha,"religious, alappuzha, kerala",
Arthunkal Basilica,Religious,9.6612,76.2912,4.7,11000,Alappuzha,"religious, alappuzha, kerala",
Edathua Church,Religious,9.3614,76.4712,4.6,8500,Alappuzha,"religious, alappuzha, kerala",
Chavara Bhavan Memorial,Heritage,9.3512,76.4114,4.5,3100,Alappuzha,"heritage, alappuzha, kerala",
St Andrews Basilica,Religious,9.6614,76.2912,4.7,5400,Alappuzha,"religious, alappuzha, kerala",
Mullakkal Temple,Religious,9.4912,76.3312,4.6,9200,Alappuzha,"religious, alappuzha, kerala",
Karumadikuttan Statue,Heritage,9.3412,76.4212,4.2,1500,Alappuzha,"heritage, alappuzha, kerala",
Kayamkulam Lake,Backwaters,9.1712,76.4714,4.1,3100,Alappuzha,"backwaters, alappuzha, kerala",
Thottappally Beach,Beach,9.3112,76.3714,4.0,2100,Alappuzha,"beach, alappuzha, kerala",
Andhakaranazhi Beach,Beach,9.7412,76.2812,4.3,4200,Alappuzha,"beach, alappuzha, kerala",
Haripad Temple,Religious,9.2812,76.4514,4.7,6100,Alappuzha,"religious, alappuzha, kerala",
Chengannur Mahadeva,Religious,9.3212,76.6114,4.7,8200,Alappuzha,"religious, alappuzha, kerala",
Eravikulam Hill,Nature,10.1512,77.0812,4.6,18000,Idukki,"nature, idukki, kerala",
Tea Garden Munnar,Nature,10.0812,77.0514,4.7,32000,Idukki,"nature, idukki, kerala",
Mattupetty Reservoir,Nature,10.1012,77.1214,4.4,12000,Idukki,"nature, idukki, kerala",
Kundala Lake Boating,Nature,10.1612,77.2414,4.3,8500,Idukki,"nature, idukki, kerala",
Top Station View,Nature,10.1212,77.2412,4.7,22000,Idukki,"nature, idukki, kerala",
Echo Point Munnar,Nature,10.1214,77.1514,4.3,18000,Idukki,"nature, idukki, kerala",
Anamudi Peak Trek,Adventure,10.1712,77.0612,4.8,5100,Idukki,"adventure, idukki, kerala",
Eravikulam National Park,Wildlife,10.15,77.08,4.6,25000,Idukki,"wildlife, idukki, kerala",
Chinnar Wildlife Sanctuary,Wildlife,10.35,77.21,4.5,9200,Idukki,"wildlife, idukki, kerala",
Marayoor Sandalwood Forest,Nature,10.2812,77.1614,4.4,6100,Idukki,"nature, idukki, kerala",
Lakkam Falls Munnar,Waterfall,10.1814,77.1112,4.5,7200,Idukki,"waterfall, idukki, kerala",
Attukad Waterfall,Waterfall,10.0512,77.0414,4.6,9500,Idukki,"waterfall, idukki, kerala",
Cheeyappara Falls Road,Waterfall,10.0314,76.9414,4.4,15000,Idukki,"waterfall, idukki, kerala",
Valara Falls Road,Waterfall,10.0212,76.9114,4.2,11000,Idukki,"waterfall, idukki, kerala",
Idukki Arch Dam View,Heritage,9.8412,76.9714,4.6,18000,Idukki,"heritage, idukki, kerala",
Cheruthoni Dam,Nature,9.8512,76.9614,4.4,6400,Idukki,"nature, idukki, kerala",
Kulamavu Dam View,Nature,9.8114,76.8812,4.3,4200,Idukki,"nature, idukki, kerala",
Ramakkalmedu View,Adventure,9.7912,77.2314,4.5,12000,Idukki,"adventure, idukki, kerala",
Kalvari Mount View,Nature,9.8414,77.0112,4.7,8200,Idukki,"nature, idukki, kerala",
Nadukani Viewpoint Idukki,Nature,9.8512,76.9114,4.6,3100,Idukki,"nature, idukki, kerala",
Thommankuthu Falls,Waterfall,9.9212,76.8114,4.5,7800,Idukki,"waterfall, idukki, kerala",
Panchalimedu View,Heritage,9.5812,77.0114,4.3,5100,Idukki,"heritage, idukki, kerala",
Parunthumpara,Nature,9.5814,77.0312,4.6,11000,Idukki,"nature, idukki, kerala",
Vagamon Meadows Hill,Hill Station,9.6812,76.9014,4.4,15000,Idukki,"hill station, idukki, kerala",
Vagamon Pine Forest Walk,Nature,9.6814,76.8812,4.5,12000,Idukki,"nature, idukki, kerala",
Kurisumala Vagamon Trek,Religious,9.6512,76.9014,4.7,6100,Idukki,"religious, idukki, kerala",
Thangal Para View,Religious,9.6712,76.8914,4.5,4200,Idukki,"religious, idukki, kerala",
Vagamon Falls View,Waterfall,9.6812,76.8912,4.3,3200,Idukki,"waterfall, idukki, kerala",
Peermade,Hill Station,9.5712,76.9914,4.2,2500,Idukki,"hill station, idukki, kerala",
Thekkady Elephant Junction,Wildlife,9.6012,77.1614,4.1,8500,Idukki,"wildlife, idukki, kerala",
Periyar Lake Boating,Nature,9.6014,77.1612,4.5,35000,Idukki,"nature, idukki, kerala",
Periyar Wildlife Reserve,Wildlife,9.6,77.16,4.6,45000,Idukki,"wildlife, idukki, kerala",
Gavi Forest Reserve,Nature,9.4312,77.1614,4.8,4200,Idukki,"nature, idukki, kerala",
Chellarkovil View,Nature,9.6512,77.2114,4.3,2100,Idukki,"nature, idukki, kerala",
Anakkara,Nature,9.6712,77.1214,4.2,1500,Idukki,"nature, idukki, kerala",
Pandikuzhi View,Nature,9.6312,77.1914,4.2,1200,Idukki,"nature, idukki, kerala",
Ottakathalamedu View,Nature,9.6112,77.1814,4.4,2500,Idukki,"nature, idukki, kerala",
Vagamon Kurisumala Ashram,Religious,9.6541,76.9012,4.8,3100,Idukki,"religious, idukki, kerala",
Sita Devi Lake Munnar,Nature,10.0212,77.1614,4.4,1800,Idukki,"nature, idukki, kerala",
Lockhart Gap View,Nature,10.0412,77.1114,4.6,8200,Idukki,"nature, idukki, kerala",
Carmelagiri Elephant Park,Adventure,10.1012,77.0914,4.1,6400,Idukki,"adventure, idukki, kerala",
Tea Museum Munnar,Heritage,10.0812,77.0512,4.5,15000,Idukki,"heritage, idukki, kerala",
Blossom Hydel Park,Nature,10.0712,77.0614,4.2,11000,Idukki,"nature, idukki, kerala",
Pothamedu Viewpoint,Nature,10.0612,77.0414,4.5,12000,Idukki,"nature, idukki, kerala",
Devikulam Hill Station,Hill Station,10.0512,77.1112,4.5,6100,Idukki,"hill station, idukki, kerala",
Malayattoor Hill,Religious,10.1912,76.5114,4.5,18000,Ernakulam,"religious, ernakulam, kerala",
Aluva Palace View,Heritage,10.1112,76.3514,4.2,3100,Ernakulam,"heritage, ernakulam, kerala",
Iringole Kavu Forest,Nature,10.0812,76.4914,4.4,5400,Ernakulam,"nature, ernakulam, kerala",
Kallil Rock Cut Temple,Heritage,10.0912,76.5812,4.5,4200,Ernakulam,"heritage, ernakulam, kerala",
Paniyeli Poru River,Nature,10.1812,76.6112,4.2,6100,Ernakulam,"nature, ernakulam, kerala",
Ezhattumugham Nature,Nature,10.2312,76.4512,4.4,9200,Ernakulam,"nature, ernakulam, kerala",
Ayyampuzha Hill Station,Nature,10.2512,76.5614,4.3,2100,Ernakulam,"nature, ernakulam, kerala",
Kodanad Elephant Park,Wildlife,10.1812,76.5114,4.2,12000,Ernakulam,"wildlife, ernakulam, kerala",
Cherai Beach Road,Beach,10.1416,76.1783,4.4,18000,Ernakulam,"beach, ernakulam, kerala",
Munambam Harbour,Heritage,10.1882,76.1754,4.3,6400,Ernakulam,"heritage, ernakulam, kerala",
Azheekal Beach,Beach,10.2014,76.1682,4.2,3200,Ernakulam,"beach, ernakulam, kerala",
Kuzhupilly Beach View,Nature,10.1121,76.1912,4.5,5100,Ernakulam,"nature, ernakulam, kerala",
Raktheswari Temple,Religious,10.1541,76.1824,4.6,1200,Ernakulam,"religious, ernakulam, kerala",
Dakshina Mookambika,Religious,10.1384,76.3451,4.7,9200,Ernakulam,"religious, ernakulam, kerala",
Kottayil Kovilakam,Heritage,10.1641,76.2014,4.3,2500,Ernakulam,"heritage, ernakulam, kerala",
Jewish Cemetery,Heritage,10.1682,76.2084,4.4,1100,Ernakulam,"heritage, ernakulam, kerala",
Vypeen Lighthouse,Heritage,9.9984,76.2214,4.5,8500,Ernakulam,"heritage, ernakulam, kerala",
Puthuvype Beach,Beach,9.9941,76.2182,4.2,4200,Ernakulam,"beach, ernakulam, kerala",
Njarakkal Fish Farm,Nature,10.0541,76.2214,4.1,3100,Ernakulam,"nature, ernakulam, kerala",
Kadamakkudy Island,Backwaters,10.0412,76.2514,4.6,8200,Ernakulam,"backwaters, ernakulam, kerala",
Varapuzha Bridge,Nature,10.0714,76.2741,4.0,2100,Ernakulam,"nature, ernakulam, kerala",
Thattekkad Birding,Wildlife,10.1332,76.6974,4.6,4500,Ernakulam,"wildlife, ernakulam, kerala",
Bhoothathankettu Dam,Nature,10.1384,76.6541,4.3,9500,Ernakulam,"nature, ernakulam, kerala",
Inchathotty Bridge,Adventure,10.1124,76.7112,4.7,3200,Ernakulam,"adventure, ernakulam, kerala",
Kallil Cave Temple,Religious,10.0912,76.5814,4.5,4100,Ernakulam,"religious, ernakulam, kerala",
Shiva Temple Ernakulam,Religious,9.9714,76.2784,4.8,22000,Ernakulam,"religious, ernakulam, kerala",
Subhash Park,Nature,9.9712,76.2814,4.4,18000,Ernakulam,"nature, ernakulam, kerala",
Rainbow Bridge,Nature,9.9812,76.2714,4.2,12000,Ernakulam,"nature, ernakulam, kerala",
Marine Drive Walkway,Nature,9.9841,76.2741,4.4,45000,Ernakulam,"nature, ernakulam, kerala",
Mangalavanam Bird Sanc,Wildlife,9.9884,76.2731,4.0,5400,Ernakulam,"wildlife, ernakulam, kerala",
Museum of Art,Heritage,9.9941,76.3012,4.5,3100,Ernakulam,"heritage, ernakulam, kerala",
Kerala Folklore Museum,Heritage,9.9312,76.2941,4.7,8500,Ernakulam,"heritage, ernakulam, kerala",
Hill Palace Thripunithura,Heritage,9.9536,76.3533,4.6,18000,Ernakulam,"heritage, ernakulam, kerala",
Chottanikkara Temple,Religious,9.9314,76.3912,4.8,55000,Ernakulam,"religious, ernakulam, kerala",
Ameda Temple,Religious,9.8814,76.3412,4.6,2100,Ernakulam,"religious, ernakulam, kerala",
Kumbalangi Tourism Village,Nature,9.8814,76.2841,4.5,9200,Ernakulam,"nature, ernakulam, kerala",
Andhakaranazhi Beach,Beach,9.7412,76.2814,4.3,6400,Alappuzha,"beach, alappuzha, kerala",
Arthunkal Church Aluva,Religious,10.1114,76.3541,4.6,3100,Ernakulam,"religious, ernakulam, kerala",
Sivarathri Manappuram,Religious,10.1141,76.3512,4.7,25000,Ernakulam,"religious, ernakulam, kerala",
Wonderla Water Park,Theme Park,9.9944,76.4022,4.7,65000,Ernakulam,"theme park, ernakulam, kerala",
Thirumoozhikkulam,Religious,10.2141,76.3512,4.6,1800,Ernakulam,"religious, ernakulam, kerala",
Adi Shankara Keerthi,Religious,10.1812,76.4114,4.7,8200,Ernakulam,"religious, ernakulam, kerala",
Sringeri Mutt Kalady,Religious,10.1714,76.4312,4.8,5400,Ernakulam,"religious, ernakulam, kerala",
Malayattoor Kurisumudy,Religious,10.1912,76.5141,4.6,22000,Ernakulam,"religious, ernakulam, kerala",
Paniyeli Poru Eco,Nature,10.1812,76.6114,4.2,7200,Ernakulam,"nature, ernakulam, kerala",
Ezhattumugham Park,Nature,10.2312,76.4514,4.4,8500,Ernakulam,"nature, ernakulam, kerala",
Silver Storm Park,Theme Park,10.2814,76.5412,4.3,15000,Thrissur,"theme park, thrissur, kerala",
Dream World Park,Theme Park,10.2812,76.5514,4.2,12000,Thrissur,"theme park, thrissur, kerala",
Athirappilly Waterfalls,Waterfall,10.2851,76.5698,4.8,45000,Thrissur,"waterfall, thrissur, kerala",
Vazhachal Falls View,Waterfall,10.2986,76.5914,4.6,18000,Thrissur,"waterfall, thrissur, kerala",
Charpa Falls Bridge,Waterfall,10.3012,76.5945,4.5,9200,Thrissur,"waterfall, thrissur, kerala",
Thumboormozhi Garden,Nature,10.2912,76.5412,4.4,11000,Thrissur,"nature, thrissur, kerala",
Butterfly Garden,Nature,10.2914,76.5414,4.3,3200,Thrissur,"nature, thrissur, kerala",
Sholayar Dam,Nature,10.3112,76.7514,4.5,5100,Thrissur,"nature, thrissur, kerala",
Malakkappara Tea Estate,Nature,10.2641,76.8412,4.8,4200,Thrissur,"nature, thrissur, kerala",
Peringalkuthu Dam,Nature,10.3141,76.6412,4.4,2300,Thrissur,"nature, thrissur, kerala",
Kauthuka Park,Nature,10.3541,76.3214,4.6,1500,Thrissur,"nature, thrissur, kerala",
Kodungallur Temple,Religious,10.2241,76.1912,4.8,32000,Thrissur,"religious, thrissur, kerala",
Cheraman Juma Masjid,Religious,10.2114,76.2012,4.7,15000,Thrissur,"religious, thrissur, kerala",
Azhekode Munakkal Beach,Beach,10.2014,76.1612,4.3,5400,Thrissur,"beach, thrissur, kerala",
Snehatheeram Beach Park,Nature,10.4541,76.0345,4.5,9200,Thrissur,"nature, thrissur, kerala",
Vatanappally Beach Road,Beach,10.5241,76.0541,4.1,3100,Thrissur,"beach, thrissur, kerala",
Chavakkad Beach View,Beach,10.59,76.02,4.2,8500,Thrissur,"beach, thrissur, kerala",
Guruvayur Temple Gate,Religious,10.5946,76.0381,4.9,95000,Thrissur,"religious, thrissur, kerala",
Elephant Camp Guruvayur,Wildlife,10.6012,76.0245,4.6,12000,Thrissur,"wildlife, thrissur, kerala",
Mammiyoor Temple,Religious,10.6014,76.0412,4.7,8200,Thrissur,"religious, thrissur, kerala",
Vadakkunnathan Temple,Religious,10.5244,76.2139,4.9,45000,Thrissur,"religious, thrissur, kerala",
Paramekkavu Temple,Religious,10.5251,76.2184,4.8,15000,Thrissur,"religious, thrissur, kerala",
Thiruvambady Temple,Religious,10.5312,76.2114,4.8,12000,Thrissur,"religious, thrissur, kerala",
Thrissur Zoo Ground,Wildlife,10.5312,76.2214,4.2,11000,Thrissur,"wildlife, thrissur, kerala",
State Museum Thrissur,Heritage,10.5314,76.2212,4.3,6100,Thrissur,"heritage, thrissur, kerala",
Shakthan Thampuran Palace,Heritage,10.5312,76.2168,4.5,8500,Thrissur,"heritage, thrissur, kerala",
Bible Tower Basilica,Religious,10.5214,76.2145,4.7,5400,Thrissur,"religious, thrissur, kerala",
Dolours Basilica Thrissur,Religious,10.5218,76.2139,4.8,18000,Thrissur,"religious, thrissur, kerala",
Vilangan Hills View,Nature,10.5512,76.1645,4.4,7200,Thrissur,"nature, thrissur, kerala",
Peechi Dam Reservoir,Nature,10.5315,76.3702,4.2,9500,Thrissur,"nature, thrissur, kerala",
Peechi Wildlife Sanc,Wildlife,10.5214,76.3812,4.3,2100,Thrissur,"wildlife, thrissur, kerala",
Chimmony Wildlife Park,Wildlife,10.4341,76.4712,4.5,3200,Thrissur,"wildlife, thrissur, kerala",
Kerala Kalamandalam Uni,Heritage,10.7412,76.2745,4.8,5100,Thrissur,"heritage, thrissur, kerala",
Koodalmanikyam Temple,Religious,10.3541,76.2014,4.7,8200,Thrissur,"religious, thrissur, kerala",
Arattupuzha Temple Ground,Religious,10.4141,76.2145,4.6,4100,Thrissur,"religious, thrissur, kerala",
Peruvanam Temple,Religious,10.4312,76.2114,4.7,2100,Thrissur,"religious, thrissur, kerala",
Urakam Amma Tiruvadi,Religious,10.4412,76.2114,4.6,1800,Thrissur,"religious, thrissur, kerala",
Nelliyampathy Hill Trek,Adventure,10.535,76.6936,4.7,5400,Palakkad,"adventure, palakkad, kerala",
Seetharkundu Waterfall,Waterfall,10.5112,76.6941,4.5,3100,Palakkad,"waterfall, palakkad, kerala",
Pothundi Dam Boating,Nature,10.5141,76.6512,4.3,4200,Palakkad,"nature, palakkad, kerala",
Palakkad Fort Ground,Heritage,10.7714,76.6541,4.5,18000,Palakkad,"heritage, palakkad, kerala",
Malampuzha Rock Garden,Nature,10.8312,76.6814,4.4,12000,Palakkad,"nature, palakkad, kerala",
Malampuzha Snake Park,Wildlife,10.8314,76.6812,4.1,6100,Palakkad,"wildlife, palakkad, kerala",
Fantasy Park Water,Theme Park,10.8241,76.6714,4.2,11000,Palakkad,"theme park, palakkad, kerala",
Dhoni Hills Forest,Nature,10.8354,76.6214,4.3,2300,Palakkad,"nature, palakkad, kerala",
Kanjirapuzha Dam Park,Nature,10.9821,76.5412,4.4,3200,Palakkad,"nature, palakkad, kerala",
Silent Valley Trek,Adventure,11.13,76.429,4.8,2500,Palakkad,"adventure, palakkad, kerala",
Attappady Valley View,Nature,11.0541,76.6512,4.5,3100,Palakkad,"nature, palakkad, kerala",
Siruvani Falls View,Waterfall,10.9714,76.6412,4.6,1500,Palakkad,"waterfall, palakkad, kerala",
Meenkulathi Amman,Religious,10.6512,76.6641,4.8,11000,Palakkad,"religious, palakkad, kerala",
Kalpathy River Bank,Nature,10.7814,76.6512,4.5,4200,Palakkad,"nature, palakkad, kerala",
Varikkassery Mana,Heritage,10.7612,76.3514,4.7,8500,Palakkad,"heritage, palakkad, kerala",
Thirunavaya Temple Bank,Religious,10.8512,75.9814,4.6,12000,Malappuram,"religious, malappuram, kerala",
Kottakkal Arya Vaidya,Heritage,11.0012,75.9914,4.8,15000,Malappuram,"heritage, malappuram, kerala",
Kottakkunnu Hill Top,Nature,11.0745,76.0612,4.3,22000,Malappuram,"nature, malappuram, kerala",
Nilambur Teak Forest,Nature,11.2714,76.2212,4.6,11000,Malappuram,"nature, malappuram, kerala",
Teak Museum Nilambur,Heritage,11.2841,76.2114,4.5,9200,Malappuram,"heritage, malappuram, kerala",
Nedumkayam Forest Lodge,Nature,11.3114,76.3214,4.7,2100,Malappuram,"nature, malappuram, kerala",
Adyanpara Waterfalls View,Waterfall,11.3541,76.2514,4.4,3100,Malappuram,"waterfall, malappuram, kerala",
Kodikuthimala Peak,Adventure,11.0212,76.3214,4.6,5400,Malappuram,"adventure, malappuram, kerala",
Biyyam Kayal Bridge,Backwaters,10.7412,75.9514,4.1,4200,Malappuram,"backwaters, malappuram, kerala",
Padinharekara Beach Road,Beach,10.87,75.9,4.2,2300,Malappuram,"beach, malappuram, kerala",
Vallikunnu Beach,Beach,11.1214,75.8412,4.3,3100,Malappuram,"beach, malappuram, kerala",
Kadalundi Bird Sanctuary,Wildlife,11.1314,75.8214,4.6,5100,Malappuram,"wildlife, malappuram, kerala",
Angadippuram Railway,Heritage,10.9714,76.2141,4.5,1500,Malappuram,"heritage, malappuram, kerala",
Thirumanthamkunnu Temple,Religious,10.9712,76.2114,4.8,14000,Malappuram,"religious, malappuram, kerala",
Kadampuzha Bhagavathy,Religious,10.9814,76.0212,4.9,18000,Malappuram,"religious, malappuram, kerala",
Tanur Beach View,Beach,10.9712,75.8714,4.0,3200,Malappuram,"beach, malappuram, kerala",
Pazhayangadi Mosque View,Religious,11.0712,76.0614,4.6,4500,Malappuram,"religious, malappuram, kerala",
Mampuram Mosque,Religious,11.0512,75.9214,4.7,11000,Malappuram,"religious, malappuram, kerala",
Kozhikode Beach Pier,Heritage,11.2561,75.7702,4.5,35000,Kozhikode,"heritage, kozhikode, kerala",
Mananchira Square Tank,Nature,11.2541,75.7841,4.4,25000,Kozhikode,"nature, kozhikode, kerala",
Kozhikode Planetarium,Heritage,11.2612,75.7814,4.3,8200,Kozhikode,"heritage, kozhikode, kerala",
SM Street Market,Heritage,11.2512,75.7714,4.5,45000,Kozhikode,"heritage, kozhikode, kerala",
Sarovaram Bio Park,Nature,11.2741,75.7912,4.2,12000,Kozhikode,"nature, kozhikode, kerala",
Beypore Pulimuttu,Adventure,11.1612,75.8014,4.6,18000,Kozhikode,"adventure, kozhikode, kerala",
Beypore Port Side,Heritage,11.1628,75.8114,4.4,9200,Kozhikode,"heritage, kozhikode, kerala",
Kappad Beach Memorial,Heritage,11.3831,75.7183,4.4,6400,Kozhikode,"heritage, kozhikode, kerala",
Kadalundi Train Bridge,Nature,11.1314,75.8214,4.7,2100,Kozhikode,"nature, kozhikode, kerala",
Thikkoti Light House,Heritage,11.4812,75.6112,4.3,3200,Kozhikode,"heritage, kozhikode, kerala",
Velliyamkallu Rock,Nature,11.5141,75.5812,4.6,1500,Kozhikode,"nature, kozhikode, kerala",
Sand Banks Beach View,Beach,11.5912,75.5714,4.4,3100,Kozhikode,"beach, kozhikode, kerala",
Lokanarkavu Temple View,Religious,11.6012,75.5914,4.6,4200,Kozhikode,"religious, kozhikode, kerala",
Sargaalaya Craft Village,Heritage,11.5324,75.6023,4.7,6100,Kozhikode,"heritage, kozhikode, kerala",
Peruvannamuzhi Dam,Nature,11.5812,75.8141,4.3,5100,Kozhikode,"nature, kozhikode, kerala",
Kakkayam Dam Reservoir,Nature,11.5247,75.9182,4.6,6400,Kozhikode,"nature, kozhikode, kerala",
Thusharagiri Falls Trek,Adventure,11.4741,76.0505,4.7,4500,Kozhikode,"adventure, kozhikode, kerala",
Aripara Falls Road,Waterfall,11.4214,76.0112,4.1,2300,Kozhikode,"waterfall, kozhikode, kerala",
Kakkadampoyil Hill,Hill Station,11.3312,76.1014,4.5,8200,Kozhikode,"hill station, kozhikode, kerala",
Janaki Forest Reserve,Nature,11.6214,75.8512,4.4,1800,Kozhikode,"nature, kozhikode, kerala",
Pazhassi Raja Museum,Heritage,11.2841,75.7612,4.3,5400,Kozhikode,"heritage, kozhikode, kerala",
Canoli Canal Boat,Nature,11.2412,75.7914,3.8,2100,Kozhikode,"nature, kozhikode, kerala",
Tali Temple Calicut,Religious,11.2512,75.7845,4.7,7200,Kozhikode,"religious, kozhikode, kerala",
Lakkidi View Point Road,Nature,11.5164,76.0214,4.7,25000,Wayanad,"nature, wayanad, kerala",
Chain Tree Lakkidi,Heritage,11.5141,76.0212,4.2,22000,Wayanad,"heritage, wayanad, kerala",
Pookode Lake Boating,Nature,11.5422,76.0272,4.4,15000,Wayanad,"nature, wayanad, kerala",
Chembra Peak Lake,Adventure,11.5127,76.0864,4.8,9200,Wayanad,"adventure, wayanad, kerala",
Soochipara Falls Trek,Adventure,11.5113,76.1207,4.6,12000,Wayanad,"adventure, wayanad, kerala",
Meenmutty Falls Wayanad,Waterfall,11.6321,76.2412,4.5,8500,Wayanad,"waterfall, wayanad, kerala",
Banasura Sagar Dam Park,Nature,11.6667,75.9583,4.6,18000,Wayanad,"nature, wayanad, kerala",
Karapuzha Dam Garden,Nature,11.6114,76.1712,4.4,9500,Wayanad,"nature, wayanad, kerala",
Edakkal Caves Hill,Heritage,11.6284,76.2336,4.5,14000,Wayanad,"heritage, wayanad, kerala",
Phantom Rock Road,Nature,11.6124,76.2114,4.2,5100,Wayanad,"nature, wayanad, kerala",
Wayand Heritage Site,Heritage,11.6214,76.2212,4.4,6100,Wayanad,"heritage, wayanad, kerala",
Thirunelli Temple Road,Religious,11.9141,76.0014,4.8,15000,Wayanad,"religious, wayanad, kerala",
Kuruva Island Boat,Nature,11.8214,76.0845,4.4,12000,Wayanad,"nature, wayanad, kerala",
Muthanga Wildlife Camp,Wildlife,11.6514,76.3512,4.4,11000,Wayanad,"wildlife, wayanad, kerala",
Tholpetty Wildlife Sanc,Wildlife,11.9541,76.0512,4.5,9200,Wayanad,"wildlife, wayanad, kerala",
Sulthan Bathery Cave,Heritage,11.6612,76.2612,4.3,4200,Wayanad,"heritage, wayanad, kerala",
Wayand Adventure Park,Adventure,11.6812,75.9614,4.6,5400,Wayanad,"adventure, wayanad, kerala",
Bamboo Factory Site,Heritage,11.6112,76.1514,4.2,2100,Wayanad,"heritage, wayanad, kerala",
Neelimala View Point,Nature,11.5812,76.2214,4.7,4100,Wayanad,"nature, wayanad, kerala",
Sunrise Valley Trek,Nature,11.5614,76.2012,4.6,3200,Wayanad,"nature, wayanad, kerala",
Sentinel Rock Falls Way,Waterfall,11.5312,76.1412,4.5,8500,Wayanad,"waterfall, wayanad, kerala",
Kanthanpara Waterfalls,Waterfall,11.5512,76.1712,4.4,6100,Wayanad,"waterfall, wayanad, kerala",
Seetha Devi Lake Wayanad,Nature,11.6412,76.1214,4.5,2300,Wayanad,"nature, wayanad, kerala",
Pakshipathalam Caves,Adventure,11.9141,75.9812,4.8,1200,Wayanad,"adventure, wayanad, kerala",
Payyambalam Beach Road,Beach,11.8714,75.3512,4.5,25000,Kannur,"beach, kannur, kerala",
Muzhappilangad Drive In,Adventure,11.7912,75.4514,4.8,22000,Kannur,"adventure, kannur, kerala",
St Angelos Fort View,Heritage,11.8541,75.3712,4.6,12000,Kannur,"heritage, kannur, kerala",
Baby Beach Kannur,Beach,11.8641,75.3612,4.1,5100,Kannur,"beach, kannur, kerala",
Meenkunnu Beach Road,Beach,11.9141,75.3212,4.4,3200,Kannur,"beach, kannur, kerala",
Kizhunna Beach View,Beach,11.8214,75.4312,4.5,4100,Kannur,"beach, kannur, kerala",
Dharmadam Island Cross,Nature,11.7741,75.4612,4.7,6400,Kannur,"nature, kannur, kerala",
Thalassery Fort Site,Heritage,11.7412,75.4814,4.6,9500,Kannur,"heritage, kannur, kerala",
Overburys Folly Park,Nature,11.7512,75.4814,4.3,4200,Kannur,"nature, kannur, kerala",
Snake Park Kannur,Wildlife,11.9814,75.4012,4.4,15000,Kannur,"wildlife, kannur, kerala",
Muthappan Temple Bank,Religious,11.9841,75.4014,4.9,32000,Kannur,"religious, kannur, kerala",
Paithalmala Trekking,Hill Station,12.1612,75.5514,4.7,8200,Kannur,"hill station, kannur, kerala",
Palakkayam Thattu Hill,Nature,12.1141,75.5214,4.8,12000,Kannur,"nature, kannur, kerala",
V-Pra Kaayal Park,Backwaters,12.0112,75.2514,4.2,3100,Kannur,"backwaters, kannur, kerala",
Kavvayi Island Backwaters,Backwaters,12.0812,75.1814,4.6,2100,Kannur,"backwaters, kannur, kerala",
Chootad Beach Park,Beach,12.0514,75.1912,4.4,3200,Kannur,"beach, kannur, kerala",
Madayipara Hill Top,Nature,12.0314,75.2612,4.8,6100,Kannur,"nature, kannur, kerala",
Ezhimala View Point,Nature,12.0141,75.2114,4.3,4200,Kannur,"nature, kannur, kerala",
Arakkal Palace Museum,Heritage,11.8589,75.3804,4.4,6400,Kannur,"heritage, kannur, kerala",
Valapattanam River,Heritage,11.9141,75.3512,4.2,3100,Kannur,"heritage, kannur, kerala",
Kottiyoor Vysakha,Religious,11.8741,75.8614,4.8,15000,Kannur,"religious, kannur, kerala",
Aralam Wildlife Sanc,Wildlife,11.9541,75.8512,4.5,4200,Kannur,"wildlife, kannur, kerala",
Bekal Fort Beach,Beach,12.3814,75.0312,4.6,18000,Kasaragod,"beach, kasaragod, kerala",
Chandragiri Heritage,Heritage,12.4827,75.0045,4.1,4200,Kasaragod,"heritage, kasaragod, kerala",
Kappil Beach KSD Side,Beach,12.4112,75.0114,4.4,3100,Kasaragod,"beach, kasaragod, kerala",
Pallikere Beach View,Beach,12.3941,75.0212,4.2,2100,Kasaragod,"beach, kasaragod, kerala",
Hosdurg Fort Site,Heritage,12.3114,75.1112,4.1,1800,Kasaragod,"heritage, kasaragod, kerala",
Nileshwaram Backwaters,Backwaters,12.2514,75.1214,4.4,4500,Kasaragod,"backwaters, kasaragod, kerala",
Valiyaparamba Island Boat,Backwaters,12.1512,75.1514,4.7,3200,Kasaragod,"backwaters, kasaragod, kerala",
Ranipuram Park Site,Nature,12.4214,75.3512,4.5,6400,Kasaragod,"nature, kasaragod, kerala",
Ananthapura Lake Site,Religious,12.5812,74.9814,4.7,8500,Kasaragod,"religious, kasaragod, kerala",
Madhur Temple Site,Religious,12.5214,74.9912,4.8,11000,Kasaragod,"religious, kasaragod, kerala",
Maipady Heritage Palace,Heritage,12.5514,75.0212,4.2,1100,Kasaragod,"heritage, kasaragod, kerala",
Bela Church Heritage,Religious,12.5812,75.0514,4.5,1500,Kasaragod,"religious, kasaragod, kerala",
Possadigumpe Hill,Hill Station,12.6514,75.0112,4.3,900,Kasaragod,"hill station, kasaragod, kerala",
Malom Village Trek,Nature,12.3514,75.3214,4.4,1200,Kasaragod,"nature, kasaragod, kerala",
Kottanchery Hill Top,Hill Station,12.3214,75.3812,4.3,1100,Kasaragod,"hill station, kasaragod, kerala",
Cheruvathur Heritage Site,Heritage,12.2114,75.1512,4.1,1500,Kasaragod,"heritage, kasaragod, kerala",
Suryanelli,Hill Station,10.0412,77.1412,4.6,8200,Idukki,"hill station, idukki, kerala",
Kolukkumalai Sunrise,Adventure,10.0321,77.2152,4.9,15000,Idukki,"adventure, idukki, kerala",
Chathurangapara,Nature,9.9814,77.2112,4.7,5100,Idukki,"nature, idukki, kerala",
Anayirangal Dam View,Nature,10.0212,77.1914,4.4,4200,Idukki,"nature, idukki, kerala",
Gap Road Viewpoint,Nature,10.0412,77.1214,4.8,12000,Idukki,"nature, idukki, kerala",
Power House Falls,Waterfall,10.0414,77.1012,4.3,3100,Idukki,"waterfall, idukki, kerala",
Malankara Dam,Nature,9.8512,76.7412,4.2,5400,Idukki,"nature, idukki, kerala",
Ilaveezhapoonchira Peak,Adventure,9.7214,76.7614,4.6,4100,Idukki,"adventure, idukki, kerala",
Kulamavu Forest,Wildlife,9.8141,76.8841,4.4,1200,Idukki,"wildlife, idukki, kerala",
Idukki Wildlife Sanc,Wildlife,9.8412,76.9741,4.5,3200,Idukki,"wildlife, idukki, kerala",
Eravikulam Entry,Nature,10.15,77.08,4.6,28000,Idukki,"nature, idukki, kerala",
Rajamala Hills,Nature,10.1512,77.0814,4.7,11000,Idukki,"nature, idukki, kerala",
Vattavada,Nature,10.1812,77.2412,4.6,8500,Idukki,"nature, idukki, kerala",
Koviloor,Heritage,10.1914,77.2514,4.3,2100,Idukki,"heritage, idukki, kerala",
Pampadum Shola Park,Wildlife,10.1451,77.2541,4.8,1500,Idukki,"wildlife, idukki, kerala",
Top Station Trek,Adventure,10.1212,77.2412,4.7,18000,Idukki,"adventure, idukki, kerala",
Echo Point Lake,Nature,10.1214,77.1514,4.3,14000,Idukki,"nature, idukki, kerala",
Kundala Dam Boating,Nature,10.1654,77.2412,4.4,9200,Idukki,"nature, idukki, kerala",
Mattupetty Park,Nature,10.1061,77.1245,4.2,11000,Idukki,"nature, idukki, kerala",
Tea Gardens View,Nature,10.0812,77.0514,4.6,35000,Idukki,"nature, idukki, kerala",
Munnar Town Market,Heritage,10.0889,77.0595,4.1,22000,Idukki,"heritage, idukki, kerala",
Pothamedu Plantation,Nature,10.0612,77.0414,4.5,9200,Idukki,"nature, idukki, kerala",
Attukad Waterfall Trek,Adventure,10.0512,77.0414,4.6,8100,Idukki,"adventure, idukki, kerala",
Cheeyappara Falls Side,Waterfall,10.0341,76.9412,4.4,15000,Idukki,"waterfall, idukki, kerala",
Valara Falls Side,Waterfall,10.0241,76.9145,4.2,12000,Idukki,"waterfall, idukki, kerala",
Neriamangalam Bridge,Heritage,10.0512,76.7814,4.5,5400,Ernakulam,"heritage, ernakulam, kerala",
Adimali,Nature,10.0112,76.9514,4.1,8200,Idukki,"nature, idukki, kerala",
Karadippara View,Nature,10.0414,76.9812,4.3,3100,Idukki,"nature, idukki, kerala",
Dream Land Park,Adventure,10.0512,77.0114,4.2,6100,Idukki,"adventure, idukki, kerala",
Wonder Valley Park,Adventure,10.0412,77.0214,4.3,5400,Idukki,"adventure, idukki, kerala",
Chenkulam Dam,Nature,10.0114,77.0212,4.4,4500,Idukki,"nature, idukki, kerala",
Ponmudi Dam Idukki,Nature,9.9712,77.0814,4.2,2100,Idukki,"nature, idukki, kerala",
Kallarkutty Dam,Nature,9.9814,77.0112,4.1,1800,Idukki,"nature, idukki, kerala",
Idukki Arch Dam Park,Nature,9.8451,76.9741,4.6,12000,Idukki,"nature, idukki, kerala",
Cheruthoni View,Nature,9.8512,76.9614,4.4,5100,Idukki,"nature, idukki, kerala",
Painavu,Nature,9.8412,76.9414,4.1,3200,Idukki,"nature, idukki, kerala",
Vagamon Pine Forest,Nature,9.6845,76.8841,4.5,15000,Idukki,"nature, idukki, kerala",
Vagamon Meadows Hill,Nature,9.6869,76.9048,4.6,18000,Idukki,"nature, idukki, kerala",
Thangal Para Hill,Religious,9.6714,76.8912,4.5,4100,Idukki,"religious, idukki, kerala",
Kurisumala Ashram,Religious,9.6545,76.9012,4.8,6100,Idukki,"religious, idukki, kerala",
Murugan Mala,Religious,9.6612,76.8914,4.4,2300,Idukki,"religious, idukki, kerala",
Vagamon Lake Boating,Nature,9.6812,76.9014,4.2,8500,Idukki,"nature, idukki, kerala",
Marmala Falls Trek,Adventure,9.6514,76.8512,4.6,3200,Kottayam,"adventure, kottayam, kerala",
Aruvikuzhi Falls KTM,Waterfall,9.5463,76.6664,4.1,2100,Kottayam,"waterfall, kottayam, kerala",
Poonjar Palace Site,Heritage,9.6814,76.8114,4.3,1800,Kottayam,"heritage, kottayam, kerala",
Ettumanoor Mahadeva,Religious,9.6641,76.5614,4.7,15000,Kottayam,"religious, kottayam, kerala",
Vaikom Mahadeva,Religious,9.7541,76.3941,4.8,14000,Kottayam,"religious, kottayam, kerala",
Kaduthuruthy Thali,Religious,9.7612,76.4814,4.6,3100,Kottayam,"religious, kottayam, kerala",
Malliyoor Ganapathy,Religious,9.7012,76.5412,4.8,9200,Kottayam,"religious, kottayam, kerala",
Kumarakom Backwaters,Backwaters,9.5916,76.4297,4.7,25000,Kottayam,"backwaters, kottayam, kerala",
Bird Sanctuary KTM,Wildlife,9.6264,76.4264,4.3,11000,Kottayam,"wildlife, kottayam, kerala",
Pathiramanal Island Boat,Nature,9.6167,76.3833,4.4,6100,Alappuzha,"nature, alappuzha, kerala",
Vembanad Lake Cruise,Backwaters,9.5833,76.4,4.8,32000,Alappuzha,"backwaters, alappuzha, kerala",
Thanneermukkom Bund Road,Nature,9.6812,76.3914,4.3,8500,Alappuzha,"nature, alappuzha, kerala",
Bay Island Driftwood,Heritage,9.6214,76.4412,4.5,3100,Kottayam,"heritage, kottayam, kerala",
Aymanem Village Tour,Heritage,9.6141,76.5124,4.7,2100,Kottayam,"heritage, kottayam, kerala",
Cheriyapally Church,Religious,9.5914,76.5112,4.8,5100,Kottayam,"religious, kottayam, kerala",
Valiyapally Church,Religious,9.5912,76.5114,4.7,4200,Kottayam,"religious, kottayam, kerala",
Thazhathangady Ferry,Heritage,9.5812,76.5014,4.4,1800,Kottayam,"heritage, kottayam, kerala",
Kottayam Lighthouse,Heritage,9.5814,76.5112,4.1,1200,Kottayam,"heritage, kottayam, kerala",
Illikkal Kallu Peak,Adventure,9.7024,76.7865,4.7,12000,Kottayam,"adventure, kottayam, kerala",
Kattikkayam Falls,Waterfall,9.7112,76.7914,4.4,1500,Kottayam,"waterfall, kottayam, kerala",
Nadukani Kottayam,Nature,9.7112,76.8114,4.5,3100,Kottayam,"nature, kottayam, kerala",
Bharananganam Church,Religious,9.6912,76.7314,4.8,9200,Kottayam,"religious, kottayam, kerala",
Pala River Side,Nature,9.7014,76.6812,4.0,4100,Kottayam,"nature, kottayam, kerala",
St George Church Aruvithura,Religious,9.6814,76.7512,4.7,3200,Kottayam,"religious, kottayam, kerala",
Kuravilangad Church,Religious,9.7512,76.5614,4.8,8500,Kottayam,"religious, kottayam, kerala",
Athirampuzha Church,Religious,9.6512,76.5214,4.6,5400,Kottayam,"religious, kottayam, kerala",
Sabarimala Sannidhanam,Religious,9.4404,77.0819,4.9,98000,Pathanamthitta,"religious, pathanamthitta, kerala",
Pamba River Bank,Religious,9.4112,76.6612,4.6,25000,Pathanamthitta,"religious, pathanamthitta, kerala",
Nilakkal,Religious,9.3914,76.9214,4.4,11000,Pathanamthitta,"religious, pathanamthitta, kerala",
Erumeli Nainar Mosque,Religious,9.4812,76.8414,4.7,15000,Pathanamthitta,"religious, pathanamthitta, kerala",
Pandalam Valiyakoikal,Religious,9.2212,76.6714,4.6,9200,Pathanamthitta,"religious, pathanamthitta, kerala",
Aranmula Parthasarathy,Religious,9.3306,76.6853,4.8,12000,Pathanamthitta,"religious, pathanamthitta, kerala",
Aranmula Mirror Workshop,Heritage,9.3312,76.6814,4.7,3100,Pathanamthitta,"heritage, pathanamthitta, kerala",
Konni Elephant Camp,Wildlife,9.2274,76.8481,4.4,8500,Pathanamthitta,"wildlife, pathanamthitta, kerala",
Adavi Eco Park,Nature,9.2052,76.8901,4.3,5100,Pathanamthitta,"nature, pathanamthitta, kerala",
Gavi Eco Tourism,Adventure,9.4392,77.1664,4.8,6400,Pathanamthitta,"adventure, pathanamthitta, kerala",
Kakki Reservoir View,Nature,9.3214,77.1512,4.5,1200,Pathanamthitta,"nature, pathanamthitta, kerala",
Kochu Pamba,Nature,9.3512,77.1214,4.4,900,Pathanamthitta,"nature, pathanamthitta, kerala",
Moozhiyar Power House,Heritage,9.3114,77.0612,4.2,1100,Pathanamthitta,"heritage, pathanamthitta, kerala",
Perunthenaruvi Falls,Waterfall,9.4112,76.8614,4.5,8200,Pathanamthitta,"waterfall, pathanamthitta, kerala",
Charalkunnu,Nature,9.3614,76.7214,4.1,2100,Pathanamthitta,"nature, pathanamthitta, kerala",
Maramon Sandbed,Religious,9.3414,76.6712,4.7,15000,Pathanamthitta,"religious, pathanamthitta, kerala",
Kozhencherry Bridge,Nature,9.3412,76.7114,4.2,3100,Pathanamthitta,"nature, pathanamthitta, kerala",
Thiruvalla Sree Vallabha,Religious,9.3814,76.5714,4.8,9500,Pathanamthitta,"religious, pathanamthitta, kerala",
Niranam Church Site,Religious,9.3614,76.5112,4.7,4500,Pathanamthitta,"religious, pathanamthitta, kerala",
Kaviyoor Cave Temple,Heritage,9.3814,76.6112,4.6,3200,Pathanamthitta,"heritage, pathanamthitta, kerala",
Malayalappuzha Devi,Religious,9.2814,76.8212,4.7,8200,Pathanamthitta,"religious, pathanamthitta, kerala",
Kodumon Spider Temple,Religious,9.1812,76.7814,4.5,1500,Pathanamthitta,"religious, pathanamthitta, kerala",
Muloor Smarakam,Heritage,9.1914,76.7212,4.2,800,Pathanamthitta,"heritage, pathanamthitta, kerala",
Jatayu Rock Statue,Adventure,8.8653,76.8661,4.8,35000,Kollam,"adventure, kollam, kerala",
Thenmala Eco Park,Nature,9.0812,77.0614,4.5,18000,Kollam,"nature, kollam, kerala",
Thenmala Hanging Bridge,Adventure,9.0814,77.0612,4.6,9200,Kollam,"adventure, kollam, kerala",
Deer Park Thenmala,Wildlife,9.0812,77.0618,4.2,5400,Kollam,"wildlife, kollam, kerala",
Palaruvi Falls Side,Waterfall,8.9814,77.1654,4.5,12000,Kollam,"waterfall, kollam, kerala",
Kumbhavurutty Waterfalls,Waterfall,9.1012,77.1814,4.4,4100,Kollam,"waterfall, kollam, kerala",
Manalar Waterfall,Waterfall,9.1114,77.1912,4.3,2100,Kollam,"waterfall, kollam, kerala",
Aryankavu Pass,Nature,8.9712,77.1414,4.4,3200,Kollam,"nature, kollam, kerala",
Rosemala Hills,Nature,9.0541,77.1412,4.6,2500,Kollam,"nature, kollam, kerala",
Shendurney Wildlife Park,Wildlife,8.9145,77.1214,4.5,3100,Kollam,"wildlife, kollam, kerala",
Kulathupuzha Sastha,Religious,8.9014,77.0512,4.7,8500,Kollam,"religious, kollam, kerala",
Achankovil Sree Dharmasastha,Religious,9.0814,77.1212,4.6,5100,Kollam,"religious, kollam, kerala",
Punalur Bridge Heritage,Heritage,9.0112,76.9214,4.7,9200,Kollam,"heritage, kollam, kerala",
Sasthamkotta Lake Boating,Nature,9.0412,76.6314,4.4,11000,Kollam,"nature, kollam, kerala",
Munroe Island Canoeing,Adventure,8.9912,76.6114,4.9,15000,Kollam,"adventure, kollam, kerala",
Ashtamudi Backwaters,Backwaters,8.9497,76.6022,4.7,18000,Kollam,"backwaters, kollam, kerala",
Neendakara Fishing Port,Heritage,8.9412,76.5412,4.3,9500,Kollam,"heritage, kollam, kerala",
Thangassery Light House View,Heritage,8.8812,76.5614,4.5,8200,Kollam,"heritage, kollam, kerala",
Kollam Beach Road,Beach,8.8814,76.5812,4.3,22000,Kollam,"beach, kollam, kerala",
Thirumullavaram Beach Side,Beach,8.9141,76.5612,4.2,8500,Kollam,"beach, kollam, kerala",
Paravur Lake View,Backwaters,8.8112,76.6614,4.5,5100,Kollam,"backwaters, kollam, kerala",
Kappil Pozhi Bridge,Nature,8.7735,76.6715,4.7,6400,Kollam,"nature, kollam, kerala",
Polachira Wetlands,Nature,8.8214,76.6912,4.3,1800,Kollam,"nature, kollam, kerala",
Chavara South,Heritage,8.9712,76.5412,4.1,1200,Kollam,"heritage, kollam, kerala",
Alumkadavu Boat Building,Heritage,9.0541,76.5212,4.5,2300,Kollam,"heritage, kollam, kerala",
Amritapuri Ashram,Religious,9.0814,76.4812,4.8,12000,Kollam,"religious, kollam, kerala",
Oachira Parabrahma,Religious,9.1241,76.5114,4.7,11000,Kollam,"religious, kollam, kerala",
Alleppey Beach Pier,Heritage,9.4912,76.3264,4.4,32000,Alappuzha,"heritage, alappuzha, kerala",
Punnamada Lake Site,Backwaters,9.5114,76.3541,4.7,18000,Alappuzha,"backwaters, alappuzha, kerala",
Finishing Point Alleppey,Nature,9.5112,76.3545,4.5,12000,Alappuzha,"nature, alappuzha, kerala",
Houseboat Terminal,Backwaters,9.4912,76.3412,4.6,25000,Alappuzha,"backwaters, alappuzha, kerala",
Vembanad Backwaters,Backwaters,9.5833,76.4,4.8,35000,Alappuzha,"backwaters, alappuzha, kerala",
Kuttanad Farming,Heritage,9.35,76.4,4.7,15000,Alappuzha,"heritage, alappuzha, kerala",
Marari Beach Sand,Beach,9.6015,76.2991,4.6,12000,Alappuzha,"beach, alappuzha, kerala",
Arthunkal Basilica Side,Religious,9.6612,76.2914,4.8,18000,Alappuzha,"religious, alappuzha, kerala",
Mannarshala Sree Nagaraja,Religious,9.2614,76.5112,4.9,15000,Alappuzha,"religious, alappuzha, kerala",
Haripad Subrahmanya,Religious,9.2812,76.4514,4.8,9200,Alappuzha,"religious, alappuzha, kerala",
Ambalapuzha Temple Pond,Religious,9.3841,76.3512,4.8,25000,Alappuzha,"religious, alappuzha, kerala",
Edathua Church Side,Religious,9.3614,76.4712,4.7,11000,Alappuzha,"religious, alappuzha, kerala",
Champakulam Moolam,Heritage,9.4012,76.4114,4.6,6100,Alappuzha,"heritage, alappuzha, kerala",
Champakulam Church,Religious,9.4014,76.4112,4.7,5400,Alappuzha,"religious, alappuzha, kerala",
Krishnapuram Palace Garden,Heritage,9.1311,76.4914,4.5,8200,Alappuzha,"heritage, alappuzha, kerala",
Kayamkulam Backwaters,Backwaters,9.1712,76.4714,4.2,5100,Alappuzha,"backwaters, alappuzha, kerala",
Thottappally Spillway,Nature,9.3112,76.3714,4.1,3200,Alappuzha,"nature, alappuzha, kerala",
Andhakaranazhi Bridge,Beach,9.7412,76.2814,4.4,4500,Alappuzha,"beach, alappuzha, kerala",
Pathiramanal Birds Park,Wildlife,9.6167,76.3833,4.6,6400,Alappuzha,"wildlife, alappuzha, kerala",
Mullakkal Rajarajeswari,Religious,9.4912,76.3312,4.7,12000,Alappuzha,"religious, alappuzha, kerala",
Kidangamparampu Temple,Religious,9.5012,76.3314,4.6,5100,Alappuzha,"religious, alappuzha, kerala",
Alleppey Light House Museum,Heritage,9.4912,76.3214,4.4,9200,Alappuzha,"heritage, alappuzha, kerala",
Revi Karunakaran Museum,Heritage,9.4841,76.3312,4.6,3100,Alappuzha,"heritage, alappuzha, kerala",
Karumadikuttan Site,Heritage,9.3412,76.4214,4.3,2100,Alappuzha,"heritage, alappuzha, kerala",
Ravi Karunakaran Memorial,Heritage,9.4912,76.3341,4.5,1500,Alappuzha,"heritage, alappuzha, kerala",
Padmanabhaswamy Temple Gate,Religious,8.483,76.9435,4.9,95000,Thiruvananthapuram,"religious, thiruvananthapuram, kerala",
Kuthiramalika Palace Side,Heritage,8.4824,76.9441,4.6,12000,Thiruvananthapuram,"heritage, thiruvananthapuram, kerala",
Napier Museum Park,Heritage,8.5086,76.9554,4.6,18000,Thiruvananthapuram,"heritage, thiruvananthapuram, kerala",
Zoo Thiruvananthapuram,Wildlife,8.5088,76.9556,4.3,25000,Thiruvananthapuram,"wildlife, thiruvananthapuram, kerala",
Kanakakkunnu Palace,Heritage,8.5112,76.9584,4.5,15000,Thiruvananthapuram,"heritage, thiruvananthapuram, kerala",
Kowdiar Palace Gate,Heritage,8.5241,76.9645,4.4,6100,Thiruvananthapuram,"heritage, thiruvananthapuram, kerala",
Priyadarshini Planetarium,Heritage,8.5012,76.9414,4.2,9200,Thiruvananthapuram,"heritage, thiruvananthapuram, kerala",
Shangumugham Beach Side,Beach,8.4791,76.9124,4.4,22000,Thiruvananthapuram,"beach, thiruvananthapuram, kerala",
Veli Tourist Village Park,Nature,8.5112,76.8814,4.3,18000,Thiruvananthapuram,"nature, thiruvananthapuram, kerala",
Akkulam Lake,Nature,8.5214,76.9012,4.0,9200,Thiruvananthapuram,"nature, thiruvananthapuram, kerala",
Kovalam Beach Road,Beach,8.4021,76.9745,4.6,55000,Thiruvananthapuram,"beach, thiruvananthapuram, kerala",
Lighthouse Beach Kovalam,Beach,8.3855,76.979,4.7,25000,Thiruvananthapuram,"beach, thiruvananthapuram, kerala",
Hawah Beach,Beach,8.3912,76.9784,4.5,18000,Thiruvananthapuram,"beach, thiruvananthapuram, kerala",
Samudra Beach,Beach,8.4112,76.9714,4.4,12000,Thiruvananthapuram,"beach, thiruvananthapuram, kerala",
Vizhinjam Lighthouse,Heritage,8.3814,76.9892,4.6,9200,Thiruvananthapuram,"heritage, thiruvananthapuram, kerala",
Vizhinjam Port View,Heritage,8.3841,76.9892,4.3,8500,Thiruvananthapuram,"heritage, thiruvananthapuram, kerala",
Azimala Siva Statue,Religious,8.3582,77.0146,4.9,15000,Thiruvananthapuram,"religious, thiruvananthapuram, kerala",
Poovar Island Resort,Nature,8.3181,77.0628,4.5,12000,Thiruvananthapuram,"nature, thiruvananthapuram, kerala",
Neyyar Dam Reservoir,Nature,8.5283,77.1472,4.3,11000,Thiruvananthapuram,"nature, thiruvananthapuram, kerala",
Lion Safari Park Neyyar,Wildlife,8.5312,77.1512,4.4,6400,Thiruvananthapuram,"wildlife, thiruvananthapuram, kerala",
Agasthyarkoodam Peak,Adventure,8.6145,77.1412,4.9,2500,Thiruvananthapuram,"adventure, thiruvananthapuram, kerala",
Ponmudi Hill Station View,Nature,8.7599,77.1167,4.6,18000,Thiruvananthapuram,"nature, thiruvananthapuram, kerala",
Golden Valley Ponmudi,Nature,8.7412,77.1014,4.5,5100,Thiruvananthapuram,"nature, thiruvananthapuram, kerala",
Peppara Dam View,Nature,8.6214,77.1451,4.4,3100,Thiruvananthapuram,"nature, thiruvananthapuram, kerala",
Varkala Cliff View,Beach,8.7399,76.7063,4.8,25000,Thiruvananthapuram,"beach, thiruvananthapuram, kerala",
Papanasam Beach,Beach,8.7312,76.7014,4.7,18000,Thiruvananthapuram,"beach, thiruvananthapuram, kerala",
Janardhana Swami Temple,Religious,8.7314,76.7112,4.7,9200,Thiruvananthapuram,"religious, thiruvananthapuram, kerala",
Sivagiri Mutt,Religious,8.7512,76.7214,4.8,11000,Thiruvananthapuram,"religious, thiruvananthapuram, kerala",
Kappil Beach Pozhi,Nature,8.7745,76.6712,4.6,6100,Thiruvananthapuram,"nature, thiruvananthapuram, kerala",
Anjengo Fort Heritage,Heritage,8.6612,76.7714,4.4,5400,Thiruvananthapuram,"heritage, thiruvananthapuram, kerala",
Madavoorpara Rock Temple,Heritage,8.5812,76.8914,4.5,2300,Thiruvananthapuram,"heritage, thiruvananthapuram, kerala",
Beemapally Mosque Gate,Religious,8.4514,76.9312,4.7,12000,Thiruvananthapuram,"religious, thiruvananthapuram, kerala",
Aruvikkara Dam Site,Nature,8.5614,77.0214,4.2,5100,Thiruvananthapuram,"nature, thiruvananthapuram, kerala",
Meenmutty Falls TVM Road,Waterfall,8.5914,77.1641,4.5,3200,Thiruvananthapuram,"waterfall, thiruvananthapuram, kerala",
Mankayam Waterfalls View,Waterfall,8.7412,77.0514,4.3,1800,Thiruvananthapuram,"waterfall, thiruvananthapuram, kerala",
Vizinjam Cave Temple,Heritage,8.3812,76.9914,4.4,1200,Thiruvananthapuram,"heritage, thiruvananthapuram, kerala",
Sivananda Yoga Ashram,Religious,8.5412,77.1645,4.8,2100,Thiruvananthapuram,"religious, thiruvananthapuram, kerala",
Karamana River Side,Nature,8.4814,76.9745,4.1,1500,Thiruvananthapuram,"nature, thiruvananthapuram, kerala",
Chowara Beach Side,Beach,8.3541,77.0214,4.5,3200,Thiruvananthapuram,"beach, thiruvananthapuram, kerala",
Varkala Aquarium,Heritage,8.7414,76.7012,3.9,2100,Thiruvananthapuram,"heritage, thiruvananthapuram, kerala",
Kilimanoor Palace,Heritage,8.7712,76.8814,4.5,1500,Thiruvananthapuram,"heritage, thiruvananthapuram, kerala",
Padmanabhapuram Palace,Heritage,8.2512,77.3314,4.8,18000,Thiruvananthapuram,"heritage, thiruvananthapuram, kerala",
Peppara Wildlife Sanc,Wildlife,8.6214,77.1451,4.5,2300,Thiruvananthapuram,"wildlife, thiruvananthapuram, kerala",
Bonacaud,Nature,8.6812,77.1814,4.4,1200,Thiruvananthapuram,"nature, thiruvananthapuram, kerala",
Vazhvanthol Falls,Waterfall,8.6714,77.1612,4.6,1800,Thiruvananthapuram,"waterfall, thiruvananthapuram, kerala",
Neyyar Dam Boating,Nature,8.5283,77.1472,4.4,5400,Thiruvananthapuram,"nature, thiruvananthapuram, kerala",
Marine Drive Ernakulam,Nature,9.98,76.27,4.4,55000,Ernakulam,"nature, ernakulam, kerala",
Fort Kochi Beach Pier,Heritage,9.9658,76.2421,4.6,45000,Ernakulam,"heritage, ernakulam, kerala",
Chinese Fishing Nets,Heritage,9.9682,76.2414,4.7,35000,Ernakulam,"heritage, ernakulam, kerala",
St Francis Church Kochi,Heritage,9.9654,76.2412,4.6,15000,Ernakulam,"heritage, ernakulam, kerala",
Santa Cruz Basilica Kochi,Religious,9.9647,76.2415,4.7,18000,Ernakulam,"religious, ernakulam, kerala",
Mattancherry Palace Gate,Heritage,9.9581,76.2592,4.5,25000,Ernakulam,"heritage, ernakulam, kerala",
Jewish Synagogue Kochi,Heritage,9.9575,76.2594,4.6,22000,Ernakulam,"heritage, ernakulam, kerala",
Princess Street Kochi,Heritage,9.9612,76.2441,4.5,12000,Ernakulam,"heritage, ernakulam, kerala",
Paradesi Synagogue,Heritage,9.9574,76.2592,4.6,15000,Ernakulam,"heritage, ernakulam, kerala",
Bolgatty Palace Ground,Heritage,9.9886,76.2647,4.3,9200,Ernakulam,"heritage, ernakulam, kerala",
Vypin Island Ferry,Backwaters,9.9821,76.2165,4.4,12000,Ernakulam,"backwaters, ernakulam, kerala",
Cherai Beach Side,Beach,10.1416,76.1783,4.5,35000,Ernakulam,"beach, ernakulam, kerala",
Kuzhupilly Beach Side,Beach,10.1121,76.1912,4.6,8500,Ernakulam,"beach, ernakulam, kerala",
Munambam Beach Side,Beach,10.1882,76.1754,4.4,11000,Ernakulam,"beach, ernakulam, kerala",
Palliport Fort Site,Heritage,10.1661,76.1724,4.2,1500,Ernakulam,"heritage, ernakulam, kerala",
Chendamangalam Heritage,Heritage,10.1712,76.2114,4.4,3200,Ernakulam,"heritage, ernakulam, kerala",
Kottayil Kovilakam Hill,Heritage,10.1641,76.2014,4.3,2100,Ernakulam,"heritage, ernakulam, kerala",
Jewish Cemetery Site,Heritage,10.1682,76.2084,4.4,1100,Ernakulam,"heritage, ernakulam, kerala",
Maliankara Bridge View,Nature,10.1884,76.1845,4.2,500,Ernakulam,"nature, ernakulam, kerala",
Moothakunnam Beach,Beach,10.1812,76.1741,4.1,800,Ernakulam,"beach, ernakulam, kerala",
Varapuzha River Side,Nature,10.0714,76.2741,4.1,3100,Ernakulam,"nature, ernakulam, kerala",
Kadamakkudy Viewpoint,Backwaters,10.0412,76.2514,4.7,9200,Ernakulam,"backwaters, ernakulam, kerala",
Njarakkal Aqua Farm,Nature,10.0541,76.2214,4.2,5400,Ernakulam,"nature, ernakulam, kerala",
Lulu Mall Kochi,Heritage,10.0274,76.3114,4.8,450000,Ernakulam,"heritage, ernakulam, kerala",
Museum of Kerala History,Heritage,10.0312,76.3141,4.4,6100,Ernakulam,"heritage, ernakulam, kerala",
Edappally Church Gate,Religious,10.0241,76.3114,4.8,28000,Ernakulam,"religious, ernakulam, kerala",
Oberon Mall,Heritage,10.0012,76.3114,4.3,18000,Ernakulam,"heritage, ernakulam, kerala",
Jawaharlal Nehru Stadium,Heritage,10.0041,76.3012,4.6,35000,Ernakulam,"heritage, ernakulam, kerala",
Subhash Park Ernakulam,Nature,9.9712,76.2814,4.5,25000,Ernakulam,"nature, ernakulam, kerala",
Rainbow Bridge Kochi,Nature,9.9812,76.2714,4.3,15000,Ernakulam,"nature, ernakulam, kerala",
Durbar Hall Ground,Heritage,9.9714,76.2841,4.4,12000,Ernakulam,"heritage, ernakulam, kerala",
Shiva Temple Ernakulam Gate,Religious,9.9714,76.2784,4.8,25000,Ernakulam,"religious, ernakulam, kerala",
Hill Palace Thripunithura Gate,Heritage,9.9536,76.3533,4.6,22000,Ernakulam,"heritage, ernakulam, kerala",
Poornathrayeesa Temple Gate,Religious,9.9512,76.3514,4.7,18000,Ernakulam,"religious, ernakulam, kerala",
Chottanikkara Temple Gate,Religious,9.9314,76.3912,4.8,65000,Ernakulam,"religious, ernakulam, kerala",
Kadamattom Church,Religious,9.9814,76.4812,4.6,8200,Ernakulam,"religious, ernakulam, kerala",
Iringole Kavu Forest Site,Nature,10.0812,76.4914,4.4,5100,Ernakulam,"nature, ernakulam, kerala",
Kallil Temple Rock,Heritage,10.0912,76.5814,4.5,4100,Ernakulam,"heritage, ernakulam, kerala",
Malayattoor Church Hill,Religious,10.1912,76.5141,4.6,35000,Ernakulam,"religious, ernakulam, kerala",
Aluva Manappuram Bridge,Religious,10.1114,76.3541,4.6,28000,Ernakulam,"religious, ernakulam, kerala",
Aluva Palace Site,Heritage,10.1112,76.3514,4.2,3100,Ernakulam,"heritage, ernakulam, kerala",
Kodanad Elephant Park Site,Wildlife,10.1834,76.5124,4.3,15000,Ernakulam,"wildlife, ernakulam, kerala",
Malayattoor St Thomas,Religious,10.1812,76.4114,4.7,11000,Ernakulam,"religious, ernakulam, kerala",
Kalady Adi Shankara,Religious,10.1714,76.4312,4.8,12000,Ernakulam,"religious, ernakulam, kerala",
Thattekkad Birding Site,Wildlife,10.1332,76.6974,4.6,6100,Ernakulam,"wildlife, ernakulam, kerala",
Bhoothathankettu Dam Side,Nature,10.1384,76.6541,4.3,12000,Ernakulam,"nature, ernakulam, kerala",
Paniyeli Poru Waterfall,Nature,10.1812,76.6114,4.2,8500,Ernakulam,"nature, ernakulam, kerala",
Ezhattumugham Park Site,Nature,10.2312,76.4514,4.4,11000,Ernakulam,"nature, ernakulam, kerala",
Ayyampuzha Hill Trek,Nature,10.2512,76.5614,4.3,2100,Ernakulam,"nature, ernakulam, kerala",
Inchathotty Hanging Bridge,Adventure,10.1124,76.7112,4.7,5400,Ernakulam,"adventure, ernakulam, kerala",
Mangalavanam Bird Park,Wildlife,9.9884,76.2731,4.1,6400,Ernakulam,"wildlife, ernakulam, kerala",
Kerala Folklore Museum Site,Heritage,9.9312,76.2941,4.7,9200,Ernakulam,"heritage, ernakulam, kerala",
Wonderla Kochi Park,Theme Park,9.9944,76.4022,4.7,75000,Ernakulam,"theme park, ernakulam, kerala",
Bolgatty Island View,Nature,9.9886,76.2647,4.3,5100,Ernakulam,"nature, ernakulam, kerala",
Willingdon Island Heritage,Heritage,9.9412,76.2714,4.2,4200,Ernakulam,"heritage, ernakulam, kerala",
Gundu Island,Nature,9.9814,76.2512,4.1,1200,Ernakulam,"nature, ernakulam, kerala",
Vallarpadam Basilica,Religious,9.9812,76.2514,4.7,15000,Ernakulam,"religious, ernakulam, kerala",
